row,month,day,time,clouds (1/8),relative humidity (%),rain intensity (mm/h),air temperature (degC)
0,6,1,00:00,1,61,0.0,6.5
1,6,1,01:00,1,68,0.0,5.5
2,6,1,02:00,5,72,0.0,5.3
3,6,1,03:00,5,74,0.0,5.7
4,6,1,04:00,7,72,0.0,6.5
5,6,1,05:00,1,66,0.0,7.8
6,6,1,06:00,0,59,0.0,9.0
7,6,1,07:00,3,50,0.0,10.1
8,6,1,08:00,5,81,1.7,5.5
9,6,1,09:00,7,83,0.0,5.5
10,6,1,10:00,5,75,1.8,6.6
11,6,1,11:00,5,75,0.0,6.7
12,6,1,12:00,7,81,0.7,6.2
13,6,1,13:00,1,65,0.0,7.7
14,6,1,14:00,1,56,0.0,9.0
15,6,1,15:00,5,59,0.0,9.0
16,6,1,16:00,5,79,0.0,6.2
17,6,1,17:00,7,83,1.1,6.1
18,6,1,18:00,7,58,0.0,7.7
19,6,1,19:00,0,60,0.0,7.2
20,6,1,20:00,0,62,0.0,6.5
21,6,1,21:00,0,67,0.0,5.7
22,6,1,22:00,0,71,0.0,5.3
23,6,1,23:00,0,72,0.0,5.0
24,6,2,00:00,0,71,0.0,4.4
25,6,2,01:00,0,72,0.0,3.7
26,6,2,02:00,0,70,0.0,3.6
27,6,2,03:00,0,69,0.0,4.2
28,6,2,04:00,1,66,0.0,5.2
29,6,2,05:00,0,62,0.0,6.3
30,6,2,06:00,7,54,0.0,6.7
31,6,2,07:00,7,54,0.0,6.5
32,6,2,08:00,8,54,0.0,7.2
33,6,2,09:00,7,53,0.0,7.3
34,6,2,10:00,7,57,0.0,7.5
35,6,2,11:00,7,53,0.0,8.6
36,6,2,12:00,7,57,0.0,8.3
37,6,2,13:00,7,57,0.0,8.6
38,6,2,14:00,7,59,0.0,8.4
39,6,2,15:00,7,65,0.0,7.5
40,6,2,16:00,8,62,0.0,7.3
41,6,2,17:00,3,54,0.0,8.8
42,6,2,18:00,0,57,0.0,8.3
43,6,2,19:00,3,60,0.0,7.9
44,6,2,20:00,0,52,0.0,7.4
45,6,2,21:00,0,54,0.0,6.7
46,6,2,22:00,0,58,0.0,5.9
47,6,2,23:00,1,61,0.0,5.4
48,6,3,00:00,1,63,0.0,5.0
49,6,3,01:00,8,64,0.0,4.9
50,6,3,02:00,0,67,0.0,4.5
51,6,3,03:00,0,67,0.0,4.7
52,6,3,04:00,0,61,0.0,6.4
53,6,3,05:00,0,55,0.0,8.1
54,6,3,06:00,0,44,0.0,9.1
55,6,3,07:00,1,46,0.0,10.1
56,6,3,08:00,0,42,0.0,11.4
57,6,3,09:00,1,42,0.0,12.5
58,6,3,10:00,3,41,0.0,11.9
59,6,3,11:00,3,38,0.0,12.7
60,6,3,12:00,3,35,0.0,14.0
61,6,3,13:00,3,37,0.0,14.8
62,6,3,14:00,5,33,0.0,14.8
63,6,3,15:00,1,31,0.0,15.6
64,6,3,16:00,0,31,0.0,15.1
65,6,3,17:00,0,31,0.0,14.7
66,6,3,18:00,0,32,0.0,14.1
67,6,3,19:00,0,37,0.0,12.2
68,6,3,20:00,0,47,0.0,10.2
69,6,3,21:00,3,48,0.0,9.5
70,6,3,22:00,7,50,0.0,8.9
71,6,3,23:00,5,53,0.0,8.1
72,6,4,00:00,1,55,0.0,7.2
73,6,4,01:00,1,60,0.0,6.3
74,6,4,02:00,5,67,0.0,5.7
75,6,4,03:00,3,67,0.0,6.1
76,6,4,04:00,1,66,0.0,7.5
77,6,4,05:00,3,66,0.0,7.9
78,6,4,06:00,1,57,0.0,9.7
79,6,4,07:00,0,59,0.0,9.7
80,6,4,08:00,0,52,0.0,9.3
81,6,4,09:00,0,54,0.0,10.7
82,6,4,10:00,0,51,0.0,10.3
83,6,4,11:00,0,53,0.0,11.0
84,6,4,12:00,0,52,0.0,11.5
85,6,4,13:00,0,47,0.0,10.7
86,6,4,14:00,0,45,0.0,10.9
87,6,4,15:00,0,24,0.0,13.1
88,6,4,16:00,0,41,0.0,11.5
89,6,4,17:00,1,62,0.0,9.7
90,6,4,18:00,1,55,0.0,9.4
91,6,4,19:00,7,47,0.0,9.6
92,6,4,20:00,7,56,0.0,9.4
93,6,4,21:00,7,53,0.0,9.4
94,6,4,22:00,7,60,0.0,9.5
95,6,4,23:00,8,58,0.0,9.8
96,6,5,00:00,8,64,0.0,9.7
97,6,5,01:00,8,65,0.0,9.8
98,6,5,02:00,7,72,0.0,9.6
99,6,5,03:00,7,70,0.0,10.3
100,6,5,04:00,7,78,0.0,10.2
101,6,5,05:00,8,78,0.0,10.7
102,6,5,06:00,8,76,0.0,10.9
103,6,5,07:00,8,82,0.0,10.4
104,6,5,08:00,7,85,0.0,10.1
105,6,5,09:00,8,89,0.4,10.0
106,6,5,10:00,8,89,0.3,10.1
107,6,5,11:00,8,88,0.0,11.0
108,6,5,12:00,7,86,0.0,11.2
109,6,5,13:00,7,87,0.0,11.2
110,6,5,14:00,8,92,1.1,10.4
111,6,5,15:00,8,95,0.7,9.8
112,6,5,16:00,8,96,1.5,9.5
113,6,5,17:00,8,97,1.9,9.6
114,6,5,18:00,8,97,0.0,10.1
115,6,5,19:00,8,97,0.0,10.0
116,6,5,20:00,8,96,0.0,9.9
117,6,5,21:00,7,95,0.0,10.1
118,6,5,22:00,8,94,0.0,10.0
119,6,5,23:00,0,94,0.0,9.3
120,6,6,00:00,0,94,0.0,9.2
121,6,6,01:00,0,93,0.0,9.3
122,6,6,02:00,1,95,0.0,9.1
123,6,6,03:00,1,95,0.0,9.4
124,6,6,04:00,0,89,0.0,10.3
125,6,6,05:00,0,80,0.0,12.7
126,6,6,06:00,0,79,0.0,12.6
127,6,6,07:00,0,75,0.0,14.2
128,6,6,08:00,0,72,0.0,13.6
129,6,6,09:00,0,67,0.0,15.0
130,6,6,10:00,0,67,0.0,15.0
131,6,6,11:00,0,61,0.0,16.1
132,6,6,12:00,0,57,0.0,17.2
133,6,6,13:00,0,53,0.0,18.2
134,6,6,14:00,0,52,0.0,18.3
135,6,6,15:00,0,51,0.0,18.6
136,6,6,16:00,0,54,0.0,17.7
137,6,6,17:00,0,57,0.0,17.5
138,6,6,18:00,0,56,0.0,17.3
139,6,6,19:00,0,65,0.0,15.5
140,6,6,20:00,0,77,0.0,13.5
141,6,6,21:00,0,84,0.0,12.1
142,6,6,22:00,0,91,0.0,10.7
143,6,6,23:00,0,92,0.0,10.2
144,6,7,00:00,0,93,0.0,9.7
145,6,7,01:00,0,94,0.0,9.0
146,6,7,02:00,0,95,0.0,9.5
147,6,7,03:00,0,96,0.0,10.8
148,6,7,04:00,0,77,0.0,14.9
149,6,7,05:00,0,72,0.0,14.7
150,6,7,06:00,0,60,0.0,16.9
151,6,7,07:00,0,60,0.0,16.7
152,6,7,08:00,0,50,0.0,18.2
153,6,7,09:00,0,52,0.0,18.6
154,6,7,10:00,0,48,0.0,18.9
155,6,7,11:00,0,50,0.0,19.0
156,6,7,12:00,0,50,0.0,18.7
157,6,7,13:00,0,42,0.0,18.9
158,6,7,14:00,0,40,0.0,19.2
159,6,7,15:00,0,39,0.0,18.6
160,6,7,16:00,1,43,0.0,18.3
161,6,7,17:00,1,48,0.0,17.7
162,6,7,18:00,1,53,0.0,16.9
163,6,7,19:00,0,57,0.0,16.1
164,6,7,20:00,0,60,0.0,15.3
165,6,7,21:00,1,62,0.0,15.0
166,6,7,22:00,7,74,0.0,12.9
167,6,7,23:00,5,73,0.0,13.7
168,6,8,00:00,7,74,0.0,13.6
169,6,8,01:00,7,78,0.0,13.1
170,6,8,02:00,7,78,0.0,13.0
171,6,8,03:00,7,84,0.0,13.0
172,6,8,04:00,7,90,0.0,12.2
173,6,8,05:00,7,85,0.0,12.6
174,6,8,06:00,7,93,4.8,11.1
175,6,8,07:00,7,94,3.5,11.0
176,6,8,08:00,5,95,1.3,11.5
177,6,8,09:00,3,95,0.8,12.7
178,6,8,10:00,7,93,0.0,12.8
179,6,8,11:00,7,93,0.3,12.4
180,6,8,12:00,7,94,0.9,13.1
181,6,8,13:00,7,95,0.9,13.4
182,6,8,14:00,7,95,0.3,13.9
183,6,8,15:00,7,95,4.1,10.7
184,6,8,16:00,7,97,10.6,11.4
185,6,8,17:00,7,96,1.0,11.6
186,6,8,18:00,7,96,1.0,11.5
187,6,8,19:00,7,96,0.0,10.6
188,6,8,20:00,7,97,0.0,10.9
189,6,8,21:00,7,97,0.0,10.7
190,6,8,22:00,7,97,0.0,11.0
191,6,8,23:00,7,97,0.0,10.7
192,6,9,00:00,7,98,0.0,11.2
193,6,9,01:00,7,98,0.0,11.2
194,6,9,02:00,7,97,0.0,11.1
195,6,9,03:00,7,97,0.0,11.4
196,6,9,04:00,7,96,0.0,11.4
197,6,9,05:00,7,91,0.0,12.6
198,6,9,06:00,5,87,0.0,12.2
199,6,9,07:00,7,84,0.0,12.7
200,6,9,08:00,3,81,0.0,13.7
201,6,9,09:00,1,79,0.0,13.8
202,6,9,10:00,0,73,0.0,14.9
203,6,9,11:00,1,70,0.0,15.7
204,6,9,12:00,0,65,0.0,15.7
205,6,9,13:00,0,67,0.0,16.2
206,6,9,14:00,0,63,0.0,16.3
207,6,9,15:00,0,68,0.0,15.7
208,6,9,16:00,0,72,0.0,15.4
209,6,9,17:00,0,78,0.0,14.4
210,6,9,18:00,0,78,0.0,14.4
211,6,9,19:00,0,80,0.0,14.1
212,6,9,20:00,0,83,0.0,13.3
213,6,9,21:00,0,91,0.0,11.9
214,6,9,22:00,0,93,0.0,12.0
215,6,9,23:00,0,95,0.0,11.2
216,6,10,00:00,0,96,0.0,10.9
217,6,10,01:00,0,97,0.0,11.0
218,6,10,02:00,0,98,0.0,11.2
219,6,10,03:00,0,93,0.0,12.0
220,6,10,04:00,0,84,0.0,13.5
221,6,10,05:00,0,73,0.0,16.2
222,6,10,06:00,0,69,0.0,17.4
223,6,10,07:00,0,67,0.0,18.2
224,6,10,08:00,3,66,0.0,17.6
225,6,10,09:00,0,61,0.0,18.5
226,6,10,10:00,0,62,0.0,18.1
227,6,10,11:00,1,59,0.0,18.4
228,6,10,12:00,0,55,0.0,19.0
229,6,10,13:00,7,61,0.0,16.9
230,6,10,14:00,1,56,0.0,17.6
231,6,10,15:00,1,51,0.0,18.7
232,6,10,16:00,1,48,0.0,18.6
233,6,10,17:00,0,59,0.0,17.0
234,6,10,18:00,3,63,0.0,16.2
235,6,10,19:00,3,59,0.0,17.0
236,6,10,20:00,7,67,0.0,16.3
237,6,10,21:00,1,66,0.0,16.5
238,6,10,22:00,7,73,0.0,15.3
239,6,10,23:00,5,78,0.0,14.4
240,6,11,00:00,7,81,0.0,14.2
241,6,11,01:00,7,84,0.0,13.6
242,6,11,02:00,3,87,0.0,13.4
243,6,11,03:00,5,86,0.0,14.1
244,6,11,04:00,1,75,0.0,16.6
245,6,11,05:00,5,69,0.0,17.1
246,6,11,06:00,5,66,0.0,17.8
247,6,11,07:00,1,66,0.0,18.8
248,6,11,08:00,0,65,0.0,19.0
249,6,11,09:00,0,53,0.0,19.6
250,6,11,10:00,5,52,0.0,19.8
251,6,11,11:00,5,54,0.0,19.8
252,6,11,12:00,5,54,0.0,19.5
253,6,11,13:00,7,53,0.0,19.7
254,6,11,14:00,7,69,0.0,17.7
255,6,11,15:00,3,85,0.0,16.4
256,6,11,16:00,0,79,0.0,15.8
257,6,11,17:00,0,77,0.0,16.0
258,6,11,18:00,0,71,0.0,16.4
259,6,11,19:00,0,71,0.0,16.2
260,6,11,20:00,1,77,0.0,15.2
261,6,11,21:00,7,86,0.0,13.5
262,6,11,22:00,1,87,0.0,13.1
263,6,11,23:00,1,85,0.0,13.0
264,6,12,00:00,7,88,0.0,13.0
265,6,12,01:00,5,89,0.0,12.7
266,6,12,02:00,7,90,0.0,12.4
267,6,12,03:00,7,93,0.3,12.2
268,6,12,04:00,8,95,0.7,12.1
269,6,12,05:00,8,96,3.2,11.8
270,6,12,06:00,7,97,2.6,12.0
271,6,12,07:00,8,97,1.9,12.0
272,6,12,08:00,8,97,2.5,12.2
273,6,12,09:00,8,97,2.0,12.4
274,6,12,10:00,8,97,0.3,12.4
275,6,12,11:00,8,97,0.4,12.3
276,6,12,12:00,7,98,7.6,12.1
277,6,12,13:00,8,98,0.4,12.2
278,6,12,14:00,8,98,0.6,12.9
279,6,12,15:00,8,98,0.0,12.8
280,6,12,16:00,8,98,0.0,11.6
281,6,12,17:00,8,99,0.0,12.0
282,6,12,18:00,7,98,0.0,12.5
283,6,12,19:00,8,96,0.0,13.3
284,6,12,20:00,7,95,0.5,13.2
285,6,12,21:00,7,95,0.0,12.7
286,6,12,22:00,7,96,0.0,12.2
287,6,12,23:00,7,95,0.0,12.0
288,6,13,00:00,7,94,0.0,11.9
289,6,13,01:00,8,94,0.0,11.8
290,6,13,02:00,8,93,0.0,12.0
291,6,13,03:00,8,92,0.0,12.2
292,6,13,04:00,8,91,0.0,12.3
293,6,13,05:00,7,89,0.0,12.8
294,6,13,06:00,7,86,0.0,13.9
295,6,13,07:00,7,86,0.0,13.9
296,6,13,08:00,7,84,0.0,14.4
297,6,13,09:00,7,81,0.0,15.1
298,6,13,10:00,7,72,0.0,15.7
299,6,13,11:00,7,68,0.0,17.0
300,6,13,12:00,8,85,0.0,14.5
301,6,13,13:00,8,87,0.0,14.4
302,6,13,14:00,7,83,0.0,14.0
303,6,13,15:00,8,87,0.0,12.7
304,6,13,16:00,7,90,0.0,11.4
305,6,13,17:00,7,88,0.0,11.1
306,6,13,18:00,7,88,0.0,11.1
307,6,13,19:00,7,87,0.0,11.1
308,6,13,20:00,7,86,0.0,11.0
309,6,13,21:00,7,81,0.0,10.9
310,6,13,22:00,7,84,0.0,10.1
311,6,13,23:00,0,85,0.0,9.3
312,6,14,00:00,0,86,0.0,8.9
313,6,14,01:00,0,89,0.0,7.8
314,6,14,02:00,0,89,0.0,8.4
315,6,14,03:00,0,83,0.0,9.5
316,6,14,04:00,0,73,0.0,11.6
317,6,14,05:00,0,63,0.0,13.4
318,6,14,06:00,0,53,0.0,15.2
319,6,14,07:00,0,46,0.0,15.8
320,6,14,08:00,0,47,0.0,16.0
321,6,14,09:00,1,45,0.0,17.8
322,6,14,10:00,3,39,0.0,18.0
323,6,14,11:00,3,41,0.0,17.8
324,6,14,12:00,5,41,0.0,18.2
325,6,14,13:00,1,41,0.0,18.3
326,6,14,14:00,3,38,0.0,18.7
327,6,14,15:00,5,36,0.0,19.9
328,6,14,16:00,1,40,0.0,18.2
329,6,14,17:00,0,38,0.0,18.3
330,6,14,18:00,0,45,0.0,17.2
331,6,14,19:00,0,47,0.0,15.7
332,6,14,20:00,0,59,0.0,13.6
333,6,14,21:00,0,74,0.0,11.9
334,6,14,22:00,0,80,0.0,10.7
335,6,14,23:00,0,85,0.0,10.0
336,6,15,00:00,3,87,0.0,9.6
337,6,15,01:00,1,89,0.0,9.3
338,6,15,02:00,0,89,0.0,9.1
339,6,15,03:00,0,87,0.0,9.9
340,6,15,04:00,0,60,0.0,15.7
341,6,15,05:00,0,48,0.0,18.7
342,6,15,06:00,0,39,0.0,19.3
343,6,15,07:00,0,38,0.0,19.7
344,6,15,08:00,0,55,0.0,17.1
345,6,15,09:00,0,66,0.0,15.3
346,6,15,10:00,0,56,0.0,16.2
347,6,15,11:00,0,50,0.0,17.5
348,6,15,12:00,0,42,0.0,17.3
349,6,15,13:00,0,45,0.0,17.5
350,6,15,14:00,0,46,0.0,17.3
351,6,15,15:00,0,50,0.0,17.9
352,6,15,16:00,0,53,0.0,16.9
353,6,15,17:00,0,64,0.0,15.8
354,6,15,18:00,0,75,0.0,14.7
355,6,15,19:00,0,79,0.0,14.1
356,6,15,20:00,0,87,0.0,12.8
357,6,15,21:00,0,91,0.0,12.4
358,6,15,22:00,5,93,0.0,12.3
359,6,15,23:00,7,93,0.0,12.8
360,6,16,00:00,7,92,0.0,12.3
361,6,16,01:00,0,92,0.0,11.7
362,6,16,02:00,0,94,0.0,11.7
363,6,16,03:00,0,92,0.0,12.4
364,6,16,04:00,0,69,0.0,17.2
365,6,16,05:00,1,61,0.0,19.5
366,6,16,06:00,0,56,0.0,19.7
367,6,16,07:00,0,56,0.0,19.5
368,6,16,08:00,0,56,0.0,20.0
369,6,16,09:00,1,53,0.0,20.8
370,6,16,10:00,0,49,0.0,20.8
371,6,16,11:00,0,50,0.0,20.0
372,6,16,12:00,1,42,0.0,20.5
373,6,16,13:00,5,44,0.0,20.6
374,6,16,14:00,7,46,0.0,21.0
375,6,16,15:00,7,46,0.0,21.3
376,6,16,16:00,3,42,0.0,21.0
377,6,16,17:00,0,48,0.0,20.3
378,6,16,18:00,5,52,0.0,19.6
379,6,16,19:00,5,58,0.0,18.0
380,6,16,20:00,7,67,0.0,16.8
381,6,16,21:00,5,76,0.0,15.8
382,6,16,22:00,1,81,0.0,14.7
383,6,16,23:00,3,83,0.0,14.2
384,6,17,00:00,7,78,0.0,14.6
385,6,17,01:00,7,82,0.0,14.5
386,6,17,02:00,5,86,0.0,14.4
387,6,17,03:00,0,82,0.0,15.7
388,6,17,04:00,5,65,0.0,18.3
389,6,17,05:00,1,56,0.0,20.8
390,6,17,06:00,0,53,0.0,21.6
391,6,17,07:00,1,50,0.0,22.9
392,6,17,08:00,1,53,0.0,22.0
393,6,17,09:00,3,57,0.0,20.9
394,6,17,10:00,5,60,0.0,20.1
395,6,17,11:00,5,51,0.0,21.4
396,6,17,12:00,7,41,0.0,23.5
397,6,17,13:00,0,47,0.0,22.7
398,6,17,14:00,0,48,0.0,21.9
399,6,17,15:00,1,49,0.0,22.5
400,6,17,16:00,1,43,0.0,22.3
401,6,17,17:00,1,44,0.0,21.1
402,6,17,18:00,1,55,0.0,20.2
403,6,17,19:00,3,47,0.0,21.1
404,6,17,20:00,7,54,0.0,18.9
405,6,17,21:00,1,58,0.0,18.1
406,6,17,22:00,0,65,0.0,16.3
407,6,17,23:00,0,65,0.0,16.0
408,6,18,00:00,0,71,0.0,15.2
409,6,18,01:00,1,65,0.0,15.8
410,6,18,02:00,1,67,0.0,15.6
411,6,18,03:00,7,70,0.0,16.0
412,6,18,04:00,7,81,0.0,15.4
413,6,18,05:00,7,84,0.0,15.5
414,6,18,06:00,3,80,0.0,15.8
415,6,18,07:00,7,77,0.0,16.3
416,6,18,08:00,5,79,0.0,16.4
417,6,18,09:00,7,81,0.0,16.3
418,6,18,10:00,5,80,0.0,16.7
419,6,18,11:00,3,76,0.0,17.3
420,6,18,12:00,3,72,0.0,17.7
421,6,18,13:00,7,73,0.0,16.8
422,6,18,14:00,5,76,0.0,16.3
423,6,18,15:00,7,78,0.0,16.4
424,6,18,16:00,7,79,0.0,16.5
425,6,18,17:00,7,75,0.0,18.5
426,6,18,18:00,1,68,0.0,19.3
427,6,18,19:00,3,68,0.0,18.8
428,6,18,20:00,7,72,0.0,18.1
429,6,18,21:00,7,72,0.0,17.5
430,6,18,22:00,5,71,0.0,16.8
431,6,18,23:00,7,73,0.0,16.4
432,6,19,00:00,7,71,0.0,16.2
433,6,19,01:00,7,70,0.0,16.0
434,6,19,02:00,7,72,0.0,15.7
435,6,19,03:00,7,71,0.0,15.9
436,6,19,04:00,5,72,0.0,15.8
437,6,19,05:00,7,64,0.0,17.3
438,6,19,06:00,7,50,0.0,17.8
439,6,19,07:00,7,52,0.0,18.3
440,6,19,08:00,7,55,0.0,17.6
441,6,19,09:00,7,51,0.0,17.9
442,6,19,10:00,7,52,0.0,19.8
443,6,19,11:00,1,37,0.0,21.1
444,6,19,12:00,1,34,0.0,21.5
445,6,19,13:00,1,32,0.0,21.7
446,6,19,14:00,1,32,0.0,21.6
447,6,19,15:00,1,30,0.0,21.8
448,6,19,16:00,0,30,0.0,20.4
449,6,19,17:00,0,29,0.0,20.0
450,6,19,18:00,0,33,0.0,18.9
451,6,19,19:00,0,41,0.0,17.7
452,6,19,20:00,1,45,0.0,16.7
453,6,19,21:00,5,49,0.0,15.8
454,6,19,22:00,7,54,0.0,15.0
455,6,19,23:00,3,59,0.0,13.8
456,6,20,00:00,7,63,0.0,13.1
457,6,20,01:00,7,68,0.0,13.0
458,6,20,02:00,7,75,0.4,13.0
459,6,20,03:00,7,86,0.0,12.1
460,6,20,04:00,7,91,0.0,11.6
461,6,20,05:00,7,92,5.0,11.3
462,6,20,06:00,7,93,0.0,11.1
463,6,20,07:00,7,92,0.0,10.9
464,6,20,08:00,8,93,0.0,11.2
465,6,20,09:00,8,92,0.0,12.5
466,6,20,10:00,7,85,0.0,14.9
467,6,20,11:00,5,74,0.0,16.3
468,6,20,12:00,5,65,0.0,17.7
469,6,20,13:00,5,61,0.0,17.0
470,6,20,14:00,7,84,0.0,13.7
471,6,20,15:00,7,75,0.0,13.4
472,6,20,16:00,7,77,0.0,12.7
473,6,20,17:00,5,74,0.0,12.8
474,6,20,18:00,7,74,0.0,12.9
475,6,20,19:00,7,76,0.0,12.5
476,6,20,20:00,5,77,0.0,12.2
477,6,20,21:00,5,79,0.0,11.8
478,6,20,22:00,1,78,0.0,11.2
479,6,20,23:00,1,75,0.0,11.1
480,6,21,00:00,0,76,0.0,10.8
481,6,21,01:00,0,77,0.0,10.4
482,6,21,02:00,0,80,0.0,10.2
483,6,21,03:00,0,79,0.0,10.1
484,6,21,04:00,0,77,0.0,10.5
485,6,21,05:00,0,70,0.0,12.0
486,6,21,06:00,0,64,0.0,13.2
487,6,21,07:00,3,60,0.0,13.7
488,6,21,08:00,5,59,0.0,14.0
489,6,21,09:00,5,54,0.0,14.8
490,6,21,10:00,3,54,0.0,14.9
491,6,21,11:00,5,53,0.0,15.5
492,6,21,12:00,3,47,0.0,17.0
493,6,21,13:00,7,83,8.0,10.2
494,6,21,14:00,7,90,0.7,10.4
495,6,21,15:00,7,90,0.0,10.6
496,6,21,16:00,1,82,0.0,11.9
497,6,21,17:00,0,71,0.0,14.3
498,6,21,18:00,0,73,0.0,14.0
499,6,21,19:00,0,71,0.0,13.7
500,6,21,20:00,3,65,0.0,12.6
501,6,21,21:00,0,72,0.0,12.3
502,6,21,22:00,0,74,0.0,11.8
503,6,21,23:00,3,75,0.0,11.3
504,6,22,00:00,0,77,0.0,10.6
505,6,22,01:00,1,80,0.0,10.1
506,6,22,02:00,0,83,0.0,9.7
507,6,22,03:00,0,82,0.0,10.0
508,6,22,04:00,5,78,0.0,11.0
509,6,22,05:00,1,74,0.0,12.2
510,6,22,06:00,0,69,0.0,13.4
511,6,22,07:00,5,63,0.0,14.1
512,6,22,08:00,1,58,0.0,15.1
513,6,22,09:00,3,51,0.0,16.6
514,6,22,10:00,5,80,2.6,11.5
515,6,22,11:00,1,62,0.0,15.1
516,6,22,12:00,5,63,0.0,14.9
517,6,22,13:00,5,89,0.0,11.2
518,6,22,14:00,3,80,0.0,11.9
519,6,22,15:00,1,71,0.0,13.4
520,6,22,16:00,5,76,7.5,12.0
521,6,22,17:00,7,87,0.0,12.0
522,6,22,18:00,5,83,0.0,11.8
523,6,22,19:00,7,88,0.0,11.0
524,6,22,20:00,7,78,0.3,10.8
525,6,22,21:00,1,84,0.0,9.8
526,6,22,22:00,0,83,0.0,9.5
527,6,22,23:00,5,84,0.0,9.5
528,6,23,00:00,0,86,0.0,8.5
529,6,23,01:00,0,86,0.0,7.7
530,6,23,02:00,0,85,0.0,7.3
531,6,23,03:00,1,82,0.0,7.7
532,6,23,04:00,0,79,0.0,8.5
533,6,23,05:00,0,69,0.0,10.3
534,6,23,06:00,5,66,0.0,9.9
535,6,23,07:00,5,59,0.0,11.0
536,6,23,08:00,7,64,0.0,10.7
537,6,23,09:00,7,62,0.0,10.9
538,6,23,10:00,5,57,0.0,13.4
539,6,23,11:00,5,55,0.0,13.3
540,6,23,12:00,7,55,0.0,13.2
541,6,23,13:00,7,61,0.0,13.2
542,6,23,14:00,7,58,0.0,13.8
543,6,23,15:00,7,59,0.0,13.9
544,6,23,16:00,8,67,0.0,12.8
545,6,23,17:00,7,71,0.0,12.3
546,6,23,18:00,7,71,0.0,12.7
547,6,23,19:00,7,71,0.0,12.5
548,6,23,20:00,7,70,0.0,12.7
549,6,23,21:00,7,77,0.0,11.7
550,6,23,22:00,5,85,0.0,10.0
551,6,23,23:00,5,92,0.0,9.4
552,6,24,00:00,0,94,0.0,8.7
553,6,24,01:00,5,94,0.0,9.1
554,6,24,02:00,5,94,0.0,9.3
555,6,24,03:00,1,92,0.0,10.3
556,6,24,04:00,1,80,0.0,12.0
557,6,24,05:00,0,75,0.0,12.8
558,6,24,06:00,1,74,0.0,13.4
559,6,24,07:00,7,72,0.0,13.4
560,6,24,08:00,0,59,0.0,14.7
561,6,24,09:00,1,54,0.0,15.0
562,6,24,10:00,0,51,0.0,15.3
563,6,24,11:00,7,59,0.0,15.3
564,6,24,12:00,5,53,0.0,15.1
565,6,24,13:00,7,56,0.0,14.7
566,6,24,14:00,7,85,0.3,12.5
567,6,24,15:00,7,72,0.0,12.8
568,6,24,16:00,7,80,0.0,12.6
569,6,24,17:00,7,80,0.0,12.8
570,6,24,18:00,7,82,0.0,12.7
571,6,24,19:00,7,84,0.0,12.1
572,6,24,20:00,7,95,1.3,11.2
573,6,24,21:00,7,96,1.3,10.9
574,6,24,22:00,7,96,0.0,11.2
575,6,24,23:00,7,97,7.8,11.4
576,6,25,00:00,8,97,0.0,11.7
577,6,25,01:00,7,97,0.0,12.3
578,6,25,02:00,8,97,0.0,12.7
579,6,25,03:00,7,96,0.0,12.5
580,6,25,04:00,7,95,0.0,11.9
581,6,25,05:00,5,91,0.0,13.0
582,6,25,06:00,1,81,0.0,14.1
583,6,25,07:00,0,79,0.0,14.8
584,6,25,08:00,3,80,0.0,15.4
585,6,25,09:00,7,82,0.0,14.0
586,6,25,10:00,5,80,0.0,14.7
587,6,25,11:00,1,72,0.0,15.5
588,6,25,12:00,1,74,0.0,15.6
589,6,25,13:00,0,71,0.0,15.0
590,6,25,14:00,1,69,0.0,15.6
591,6,25,15:00,5,72,0.0,14.6
592,6,25,16:00,3,71,0.0,15.1
593,6,25,17:00,7,76,0.0,13.9
594,6,25,18:00,7,78,0.0,13.7
595,6,25,19:00,7,83,0.0,13.1
596,6,25,20:00,7,85,0.0,13.1
597,6,25,21:00,7,88,0.0,12.8
598,6,25,22:00,7,89,0.0,12.4
599,6,25,23:00,7,91,0.0,12.3
600,6,26,00:00,7,90,0.0,12.5
601,6,26,01:00,7,90,0.0,12.1
602,6,26,02:00,1,90,0.0,11.6
603,6,26,03:00,0,88,0.0,12.1
604,6,26,04:00,3,85,0.0,12.6
605,6,26,05:00,7,85,0.0,12.5
606,6,26,06:00,3,77,0.0,13.9
607,6,26,07:00,5,79,0.0,13.9
608,6,26,08:00,3,79,0.0,13.6
609,6,26,09:00,7,76,0.0,13.9
610,6,26,10:00,3,73,0.0,14.5
611,6,26,11:00,3,70,0.0,14.2
612,6,26,12:00,1,72,0.0,14.6
613,6,26,13:00,1,76,0.0,14.6
614,6,26,14:00,1,75,0.0,14.0
615,6,26,15:00,3,82,0.0,13.1
616,6,26,16:00,1,80,0.0,13.5
617,6,26,17:00,0,78,0.0,13.2
618,6,26,18:00,0,73,0.0,13.5
619,6,26,19:00,1,79,0.0,12.6
620,6,26,20:00,1,82,0.0,12.6
621,6,26,21:00,5,82,0.0,12.5
622,6,26,22:00,3,84,0.0,12.3
623,6,26,23:00,5,84,0.0,12.1
624,6,27,00:00,7,85,0.0,12.0
625,6,27,01:00,8,86,0.0,12.1
626,6,27,02:00,7,85,0.0,12.1
627,6,27,03:00,7,84,0.0,12.5
628,6,27,04:00,7,78,0.0,13.0
629,6,27,05:00,7,73,0.0,13.4
630,6,27,06:00,7,72,0.0,13.8
631,6,27,07:00,7,72,0.0,13.7
632,6,27,08:00,7,70,0.0,14.2
633,6,27,09:00,8,66,0.0,14.9
634,6,27,10:00,7,66,0.0,15.3
635,6,27,11:00,7,70,0.0,15.0
636,6,27,12:00,7,58,0.0,17.1
637,6,27,13:00,7,59,0.0,16.4
638,6,27,14:00,7,61,0.0,15.5
639,6,27,15:00,7,63,0.0,15.5
640,6,27,16:00,5,64,0.0,15.6
641,6,27,17:00,7,66,0.0,15.9
642,6,27,18:00,3,68,0.0,15.3
643,6,27,19:00,3,70,0.0,14.5
644,6,27,20:00,0,68,0.0,13.9
645,6,27,21:00,0,73,0.0,13.2
646,6,27,22:00,0,75,0.0,12.5
647,6,27,23:00,0,78,0.0,11.9
648,6,28,00:00,0,79,0.0,11.4
649,6,28,01:00,0,80,0.0,11.0
650,6,28,02:00,0,80,0.0,11.2
651,6,28,03:00,0,77,0.0,11.7
652,6,28,04:00,0,73,0.0,12.4
653,6,28,05:00,0,65,0.0,14.1
654,6,28,06:00,0,56,0.0,15.9
655,6,28,07:00,0,45,0.0,16.5
656,6,28,08:00,1,43,0.0,17.4
657,6,28,09:00,3,39,0.0,17.9
658,6,28,10:00,1,38,0.0,17.8
659,6,28,11:00,3,37,0.0,18.2
660,6,28,12:00,5,49,0.0,18.0
661,6,28,13:00,1,54,0.0,16.7
662,6,28,14:00,0,48,0.0,17.2
663,6,28,15:00,0,43,0.0,17.8
664,6,28,16:00,0,52,0.0,16.5
665,6,28,17:00,0,48,0.0,16.8
666,6,28,18:00,0,49,0.0,16.2
667,6,28,19:00,0,54,0.0,14.8
668,6,28,20:00,0,56,0.0,14.3
669,6,28,21:00,0,66,0.0,12.2
670,6,28,22:00,0,66,0.0,11.8
671,6,28,23:00,0,72,0.0,10.5
672,6,29,00:00,0,79,0.0,9.4
673,6,29,01:00,0,83,0.0,9.0
674,6,29,02:00,0,85,0.0,9.0
675,6,29,03:00,0,77,0.0,11.3
676,6,29,04:00,0,69,0.0,14.2
677,6,29,05:00,0,66,0.0,15.6
678,6,29,06:00,0,61,0.0,16.2
679,6,29,07:00,0,59,0.0,16.8
680,6,29,08:00,0,53,0.0,17.3
681,6,29,09:00,0,44,0.0,18.6
682,6,29,10:00,0,37,0.0,19.3
683,6,29,11:00,0,32,0.0,19.3
684,6,29,12:00,0,28,0.0,20.3
685,6,29,13:00,0,33,0.0,19.0
686,6,29,14:00,1,37,0.0,18.5
687,6,29,15:00,0,41,0.0,18.8
688,6,29,16:00,0,40,0.0,18.4
689,6,29,17:00,0,44,0.0,18.1
690,6,29,18:00,0,45,0.0,18.1
691,6,29,19:00,0,47,0.0,18.0
692,6,29,20:00,0,54,0.0,17.3
693,6,29,21:00,0,61,0.0,16.7
694,6,29,22:00,0,54,0.0,16.7
695,6,29,23:00,0,61,0.0,15.9
696,6,30,00:00,0,56,0.0,15.9
697,6,30,01:00,0,55,0.0,15.4
698,6,30,02:00,0,61,0.0,14.6
699,6,30,03:00,1,61,0.0,14.9
700,6,30,04:00,1,63,0.0,15.3
701,6,30,05:00,3,65,0.0,15.8
702,6,30,06:00,3,65,0.0,16.5
703,6,30,07:00,1,60,0.0,17.5
704,6,30,08:00,5,59,0.0,17.6
705,6,30,09:00,8,56,0.0,18.5
706,6,30,10:00,8,55,0.0,18.6
707,6,30,11:00,7,49,0.0,19.4
708,6,30,12:00,8,49,0.0,18.8
709,6,30,13:00,7,47,0.0,19.2
710,6,30,14:00,7,53,0.0,18.7
711,6,30,15:00,7,56,0.0,18.4
712,6,30,16:00,7,55,0.0,18.2
713,6,30,17:00,7,55,0.0,17.8
714,6,30,18:00,7,55,0.0,17.7
715,6,30,19:00,7,54,0.0,17.7
716,6,30,20:00,8,61,0.0,15.9
717,6,30,21:00,8,60,0.0,16.6
718,6,30,22:00,7,59,0.0,16.5
719,6,30,23:00,7,60,0.0,16.2
720,7,1,00:00,3,65,0.0,15.2
721,7,1,01:00,3,68,0.0,14.5
722,7,1,02:00,8,70,0.0,14.0
723,7,1,03:00,8,71,0.0,13.8
724,7,1,04:00,8,73,0.0,13.6
725,7,1,05:00,8,73,0.0,13.8
726,7,1,06:00,8,74,0.0,14.0
727,7,1,07:00,8,73,0.0,14.3
728,7,1,08:00,8,73,0.0,14.4
729,7,1,09:00,8,75,0.0,14.5
730,7,1,10:00,8,77,0.0,13.8
731,7,1,11:00,8,77,0.0,13.6
732,7,1,12:00,8,77,0.0,13.5
733,7,1,13:00,8,76,0.0,13.3
734,7,1,14:00,8,77,0.0,13.6
735,7,1,15:00,8,81,0.0,13.4
736,7,1,16:00,8,76,0.0,14.4
737,7,1,17:00,8,85,0.5,13.6
738,7,1,18:00,8,90,0.1,13.2
739,7,1,19:00,8,89,0.0,13.0
740,7,1,20:00,8,84,0.0,14.0
741,7,1,21:00,8,80,0.0,14.5
742,7,1,22:00,8,79,0.0,14.6
743,7,1,23:00,8,80,0.0,14.6
744,7,2,00:00,8,78,0.0,15.0
745,7,2,01:00,8,78,0.0,14.9
746,7,2,02:00,8,77,0.0,15.0
747,7,2,03:00,8,79,0.0,14.8
748,7,2,04:00,8,77,0.0,14.9
749,7,2,05:00,8,77,0.0,14.9
750,7,2,06:00,8,74,0.0,15.2
751,7,2,07:00,8,71,0.0,15.4
752,7,2,08:00,7,67,0.0,16.2
753,7,2,09:00,7,66,0.0,16.8
754,7,2,10:00,1,60,0.0,17.2
755,7,2,11:00,0,59,0.0,18.8
756,7,2,12:00,0,56,0.0,18.6
757,7,2,13:00,1,59,0.0,18.4
758,7,2,14:00,0,59,0.0,18.2
759,7,2,15:00,0,56,0.0,18.2
760,7,2,16:00,0,58,0.0,17.6
761,7,2,17:00,0,63,0.0,16.9
762,7,2,18:00,0,67,0.0,16.0
763,7,2,19:00,0,72,0.0,15.1
764,7,2,20:00,7,73,0.0,14.9
765,7,2,21:00,8,73,0.0,15.1
766,7,2,22:00,8,74,0.0,15.0
767,7,2,23:00,8,79,0.0,14.4
768,7,3,00:00,8,82,0.0,14.1
769,7,3,01:00,8,84,0.0,13.9
770,7,3,02:00,8,85,0.0,13.7
771,7,3,03:00,7,86,0.0,13.8
772,7,3,04:00,7,86,0.0,14.2
773,7,3,05:00,8,86,0.0,14.4
774,7,3,06:00,7,85,0.0,15.0
775,7,3,07:00,8,92,0.0,13.6
776,7,3,08:00,7,95,7.1,13.1
777,7,3,09:00,7,95,0.0,14.0
778,7,3,10:00,7,90,0.0,14.0
779,7,3,11:00,7,90,0.0,13.5
780,7,3,12:00,5,84,0.0,14.3
781,7,3,13:00,7,68,0.0,16.3
782,7,3,14:00,1,68,0.0,16.3
783,7,3,15:00,1,69,0.0,16.0
784,7,3,16:00,1,72,0.0,15.3
785,7,3,17:00,1,71,0.0,15.3
786,7,3,18:00,1,70,0.0,14.8
787,7,3,19:00,0,74,0.0,14.0
788,7,3,20:00,0,80,0.0,12.8
789,7,3,21:00,0,83,0.0,12.7
790,7,3,22:00,0,80,0.0,13.4
791,7,3,23:00,0,85,0.0,12.8
792,7,4,00:00,0,89,0.0,12.4
793,7,4,01:00,0,92,0.0,12.2
794,7,4,02:00,5,91,0.0,12.4
795,7,4,03:00,5,92,0.0,12.4
796,7,4,04:00,3,88,0.0,13.6
797,7,4,05:00,1,84,0.0,14.0
798,7,4,06:00,1,84,0.0,14.1
799,7,4,07:00,1,80,0.0,14.6
800,7,4,08:00,5,81,0.0,14.7
801,7,4,09:00,1,79,0.0,14.8
802,7,4,10:00,7,86,0.0,13.6
803,7,4,11:00,1,78,0.0,15.0
804,7,4,12:00,1,76,0.0,15.6
805,7,4,13:00,1,77,0.0,14.5
806,7,4,14:00,0,71,0.0,16.2
807,7,4,15:00,0,68,0.0,16.6
808,7,4,16:00,1,74,0.0,14.4
809,7,4,17:00,7,71,0.0,14.7
810,7,4,18:00,7,76,0.0,14.0
811,7,4,19:00,7,78,0.0,13.7
812,7,4,20:00,7,80,0.0,13.4
813,7,4,21:00,7,86,0.0,12.8
814,7,4,22:00,7,88,0.0,12.8
815,7,4,23:00,7,88,0.0,13.2
816,7,5,00:00,7,87,0.0,13.5
817,7,5,01:00,7,89,0.0,13.3
818,7,5,02:00,7,93,0.0,13.1
819,7,5,03:00,8,90,0.0,13.1
820,7,5,04:00,8,89,0.0,12.6
821,7,5,05:00,8,87,0.0,12.9
822,7,5,06:00,7,80,0.0,13.3
823,7,5,07:00,7,76,0.0,13.5
824,7,5,08:00,7,74,0.0,14.1
825,7,5,09:00,5,65,0.0,14.9
826,7,5,10:00,7,57,0.0,15.8
827,7,5,11:00,7,55,0.0,16.4
828,7,5,12:00,7,50,0.0,16.7
829,7,5,13:00,7,55,0.0,16.7
830,7,5,14:00,7,51,0.0,16.9
831,7,5,15:00,7,53,0.0,16.4
832,7,5,16:00,1,53,0.0,16.8
833,7,5,17:00,1,60,0.0,15.2
834,7,5,18:00,3,55,0.0,15.2
835,7,5,19:00,1,65,0.0,13.6
836,7,5,20:00,1,72,0.0,12.0
837,7,5,21:00,3,75,0.0,11.5
838,7,5,22:00,0,73,0.0,11.2
839,7,5,23:00,5,74,0.0,10.9
840,7,6,00:00,3,76,0.0,10.2
841,7,6,01:00,5,77,0.0,9.8
842,7,6,02:00,0,78,0.0,9.5
843,7,6,03:00,1,81,0.0,9.2
844,7,6,04:00,7,76,0.0,10.0
845,7,6,05:00,7,71,0.0,10.7
846,7,6,06:00,7,70,0.0,11.0
847,7,6,07:00,7,68,0.0,11.8
848,7,6,08:00,7,62,0.0,12.6
849,7,6,09:00,7,55,0.0,14.2
850,7,6,10:00,7,55,0.0,14.6
851,7,6,11:00,7,73,0.4,12.4
852,7,6,12:00,7,55,0.0,14.6
853,7,6,13:00,3,63,0.0,14.5
854,7,6,14:00,7,56,0.0,14.9
855,7,6,15:00,3,51,0.0,15.9
856,7,6,16:00,7,62,0.0,13.7
857,7,6,17:00,3,60,0.0,14.2
858,7,6,18:00,7,76,0.0,11.8
859,7,6,19:00,7,70,0.0,11.9
860,7,6,20:00,1,71,0.0,11.0
861,7,6,21:00,0,74,0.0,10.1
862,7,6,22:00,0,73,0.0,10.5
863,7,6,23:00,0,77,0.0,9.9
864,7,7,00:00,0,75,0.0,9.7
865,7,7,01:00,0,74,0.0,9.4
866,7,7,02:00,0,73,0.0,9.3
867,7,7,03:00,0,71,0.0,9.5
868,7,7,04:00,0,61,0.0,10.9
869,7,7,05:00,0,52,0.0,12.9
870,7,7,06:00,0,47,0.0,14.7
871,7,7,07:00,0,40,0.0,15.9
872,7,7,08:00,0,37,0.0,17.1
873,7,7,09:00,0,34,0.0,18.4
874,7,7,10:00,1,57,0.0,17.0
875,7,7,11:00,5,58,0.0,16.5
876,7,7,12:00,1,47,0.0,18.0
877,7,7,13:00,5,40,0.0,17.5
878,7,7,14:00,5,33,0.0,18.3
879,7,7,15:00,3,38,0.0,17.4
880,7,7,16:00,7,40,0.0,17.1
881,7,7,17:00,7,41,0.0,17.5
882,7,7,18:00,3,47,0.0,17.0
883,7,7,19:00,5,59,0.0,15.7
884,7,7,20:00,3,65,0.0,15.4
885,7,7,21:00,5,71,0.0,14.1
886,7,7,22:00,1,77,0.0,12.8
887,7,7,23:00,0,84,0.0,11.6
888,7,8,00:00,7,85,0.0,11.7
889,7,8,01:00,7,84,0.0,12.0
890,7,8,02:00,3,88,0.0,11.3
891,7,8,03:00,1,90,0.0,11.4
892,7,8,04:00,0,81,0.0,13.7
893,7,8,05:00,0,67,0.0,16.3
894,7,8,06:00,0,61,0.0,18.5
895,7,8,07:00,0,54,0.0,19.4
896,7,8,08:00,1,53,0.0,20.0
897,7,8,09:00,7,67,0.0,16.4
898,7,8,10:00,7,57,0.0,17.2
899,7,8,11:00,7,47,0.0,17.2
900,7,8,12:00,7,39,0.0,18.7
901,7,8,13:00,7,55,0.0,17.6
902,7,8,14:00,7,41,0.0,19.8
903,7,8,15:00,7,39,0.0,19.4
904,7,8,16:00,7,30,0.0,19.3
905,7,8,17:00,7,27,0.0,19.9
906,7,8,18:00,7,34,0.0,18.4
907,7,8,19:00,5,49,0.0,15.8
908,7,8,20:00,7,56,0.0,15.0
909,7,8,21:00,7,60,0.0,14.3
910,7,8,22:00,7,71,0.0,14.5
911,7,8,23:00,7,63,0.0,14.0
912,7,9,00:00,7,69,0.0,14.0
913,7,9,01:00,7,71,0.0,14.0
914,7,9,02:00,7,72,0.0,14.2
915,7,9,03:00,7,79,0.0,14.2
916,7,9,04:00,3,74,0.0,15.7
917,7,9,05:00,0,68,0.0,17.2
918,7,9,06:00,0,66,0.0,17.3
919,7,9,07:00,0,70,0.0,17.5
920,7,9,08:00,0,57,0.0,18.0
921,7,9,09:00,0,56,0.0,18.2
922,7,9,10:00,0,55,0.0,18.8
923,7,9,11:00,1,50,0.0,17.7
924,7,9,12:00,0,52,0.0,18.7
925,7,9,13:00,0,55,0.0,18.1
926,7,9,14:00,0,62,0.0,18.7
927,7,9,15:00,0,62,0.0,18.7
928,7,9,16:00,0,54,0.0,18.8
929,7,9,17:00,1,47,0.0,19.5
930,7,9,18:00,1,51,0.0,19.0
931,7,9,19:00,0,60,0.0,17.0
932,7,9,20:00,0,65,0.0,16.0
933,7,9,21:00,0,72,0.0,15.1
934,7,9,22:00,0,80,0.0,13.8
935,7,9,23:00,0,84,0.0,13.1
936,7,10,00:00,0,83,0.0,13.1
937,7,10,01:00,0,86,0.0,12.6
938,7,10,02:00,0,90,0.0,12.1
939,7,10,03:00,0,93,0.0,12.8
940,7,10,04:00,0,74,0.0,17.1
941,7,10,05:00,0,64,0.0,17.9
942,7,10,06:00,0,58,0.0,19.5
943,7,10,07:00,0,63,0.0,18.7
944,7,10,08:00,0,64,0.0,19.3
945,7,10,09:00,1,70,0.0,18.4
946,7,10,10:00,0,66,0.0,18.5
947,7,10,11:00,0,66,0.0,19.5
948,7,10,12:00,0,66,0.0,19.3
949,7,10,13:00,0,67,0.0,19.7
950,7,10,14:00,0,66,0.0,19.8
951,7,10,15:00,0,59,0.0,20.6
952,7,10,16:00,0,62,0.0,20.0
953,7,10,17:00,0,66,0.0,19.8
954,7,10,18:00,0,67,0.0,19.5
955,7,10,19:00,0,69,0.0,18.7
956,7,10,20:00,0,81,0.0,16.2
957,7,10,21:00,0,86,0.0,15.4
958,7,10,22:00,0,88,0.0,15.2
959,7,10,23:00,3,89,0.0,15.0
960,7,11,00:00,7,87,0.0,15.2
961,7,11,01:00,1,92,0.0,14.6
962,7,11,02:00,0,92,0.0,14.9
963,7,11,03:00,0,92,0.0,15.5
964,7,11,04:00,0,85,0.0,16.2
965,7,11,05:00,3,89,0.0,16.3
966,7,11,06:00,3,81,0.0,17.1
967,7,11,07:00,5,78,0.0,17.7
968,7,11,08:00,7,83,0.0,17.7
969,7,11,09:00,5,83,0.0,17.2
970,7,11,10:00,5,79,0.0,18.0
971,7,11,11:00,3,75,0.0,18.8
972,7,11,12:00,5,78,0.0,18.1
973,7,11,13:00,7,84,0.0,17.6
974,7,11,14:00,7,83,0.0,17.7
975,7,11,15:00,7,95,2.0,16.3
976,7,11,16:00,8,96,0.1,15.9
977,7,11,17:00,8,96,0.0,15.9
978,7,11,18:00,7,96,0.0,15.9
979,7,11,19:00,7,96,0.0,15.8
980,7,11,20:00,7,96,0.0,16.3
981,7,11,21:00,8,95,0.0,16.6
982,7,11,22:00,8,95,0.0,17.2
983,7,11,23:00,8,95,0.0,16.4
984,7,12,00:00,8,95,0.0,16.2
985,7,12,01:00,8,96,0.0,15.7
986,7,12,02:00,7,97,0.0,15.1
987,7,12,03:00,8,97,0.0,15.2
988,7,12,04:00,7,97,0.0,14.9
989,7,12,05:00,8,97,0.0,15.3
990,7,12,06:00,7,96,0.0,15.0
991,7,12,07:00,8,95,0.0,15.7
992,7,12,08:00,8,92,0.0,16.3
993,7,12,09:00,8,91,0.0,16.3
994,7,12,10:00,8,90,0.0,17.2
995,7,12,11:00,7,93,0.0,16.9
996,7,12,12:00,7,78,0.0,19.1
997,7,12,13:00,1,71,0.0,20.6
998,7,12,14:00,5,84,0.0,17.6
999,7,12,15:00,1,75,0.0,19.1
1000,7,12,16:00,0,81,0.0,17.1
1001,7,12,17:00,0,82,0.0,17.9
1002,7,12,18:00,0,81,0.0,17.5
1003,7,12,19:00,0,86,0.0,16.2
1004,7,12,20:00,0,87,0.0,15.7
1005,7,12,21:00,0,89,0.0,15.1
1006,7,12,22:00,0,91,0.0,14.8
1007,7,12,23:00,0,93,0.0,14.2
1008,7,13,00:00,0,92,0.0,14.5
1009,7,13,01:00,3,93,0.0,14.6
1010,7,13,02:00,5,94,0.0,14.4
1011,7,13,03:00,8,94,0.0,14.8
1012,7,13,04:00,7,92,0.0,15.2
1013,7,13,05:00,8,93,0.0,14.3
1014,7,13,06:00,8,93,0.0,14.4
1015,7,13,07:00,7,88,0.0,15.9
1016,7,13,08:00,7,86,0.0,16.1
1017,7,13,09:00,3,72,0.0,18.4
1018,7,13,10:00,7,70,0.0,17.8
1019,7,13,11:00,7,74,0.0,16.5
1020,7,13,12:00,7,84,0.0,15.3
1021,7,13,13:00,7,91,0.4,14.9
1022,7,13,14:00,7,91,0.0,14.9
1023,7,13,15:00,7,92,0.5,14.8
1024,7,13,16:00,7,93,1.1,13.8
1025,7,13,17:00,7,95,1.9,13.1
1026,7,13,18:00,7,96,0.8,13.1
1027,7,13,19:00,7,96,0.0,13.3
1028,7,13,20:00,7,93,0.0,13.2
1029,7,13,21:00,8,85,0.0,12.8
1030,7,13,22:00,7,84,0.0,12.4
1031,7,13,23:00,7,84,0.0,12.0
1032,7,14,00:00,7,84,0.0,11.6
1033,7,14,01:00,7,84,0.0,11.4
1034,7,14,02:00,7,85,0.0,11.5
1035,7,14,03:00,7,85,0.0,11.7
1036,7,14,04:00,1,81,0.0,11.7
1037,7,14,05:00,0,74,0.0,13.3
1038,7,14,06:00,1,65,0.0,14.3
1039,7,14,07:00,1,59,0.0,14.9
1040,7,14,08:00,1,56,0.0,15.6
1041,7,14,09:00,1,54,0.0,16.9
1042,7,14,10:00,1,50,0.0,17.8
1043,7,14,11:00,3,47,0.0,17.6
1044,7,14,12:00,1,44,0.0,17.9
1045,7,14,13:00,3,41,0.0,19.1
1046,7,14,14:00,1,45,0.0,18.4
1047,7,14,15:00,3,41,0.0,18.6
1048,7,14,16:00,1,44,0.0,18.7
1049,7,14,17:00,0,43,0.0,18.4
1050,7,14,18:00,0,46,0.0,17.5
1051,7,14,19:00,0,50,0.0,16.0
1052,7,14,20:00,0,59,0.0,13.6
1053,7,14,21:00,0,66,0.0,12.4
1054,7,14,22:00,0,73,0.0,11.2
1055,7,14,23:00,0,76,0.0,11.1
1056,7,15,00:00,0,82,0.0,9.6
1057,7,15,01:00,0,85,0.0,9.1
1058,7,15,02:00,0,87,0.0,8.7
1059,7,15,03:00,0,81,0.0,10.2
1060,7,15,04:00,0,69,0.0,13.3
1061,7,15,05:00,0,69,0.0,15.5
1062,7,15,06:00,0,62,0.0,17.1
1063,7,15,07:00,0,51,0.0,18.0
1064,7,15,08:00,0,46,0.0,18.6
1065,7,15,09:00,3,65,0.0,17.9
1066,7,15,10:00,1,62,0.0,18.5
1067,7,15,11:00,3,62,0.0,19.5
1068,7,15,12:00,1,55,0.0,20.2
1069,7,15,13:00,1,34,0.0,21.2
1070,7,15,14:00,1,35,0.0,21.4
1071,7,15,15:00,0,34,0.0,22.1
1072,7,15,16:00,5,35,0.0,21.6
1073,7,15,17:00,1,39,0.0,20.5
1074,7,15,18:00,1,41,0.0,19.7
1075,7,15,19:00,0,46,0.0,18.0
1076,7,15,20:00,0,52,0.0,16.3
1077,7,15,21:00,0,58,0.0,15.0
1078,7,15,22:00,0,62,0.0,13.7
1079,7,15,23:00,0,65,0.0,13.7
1080,7,16,00:00,0,66,0.0,13.4
1081,7,16,01:00,0,65,0.0,13.4
1082,7,16,02:00,0,68,0.0,12.7
1083,7,16,03:00,0,69,0.0,12.9
1084,7,16,04:00,0,63,0.0,14.5
1085,7,16,05:00,0,55,0.0,16.8
1086,7,16,06:00,0,46,0.0,19.0
1087,7,16,07:00,0,39,0.0,20.7
1088,7,16,08:00,0,32,0.0,21.3
1089,7,16,09:00,0,47,0.0,20.3
1090,7,16,10:00,0,48,0.0,20.0
1091,7,16,11:00,0,50,0.0,19.7
1092,7,16,12:00,0,41,0.0,20.9
1093,7,16,13:00,0,45,0.0,20.6
1094,7,16,14:00,0,48,0.0,20.1
1095,7,16,15:00,0,44,0.0,20.9
1096,7,16,16:00,0,42,0.0,20.9
1097,7,16,17:00,0,39,0.0,20.4
1098,7,16,18:00,0,55,0.0,19.5
1099,7,16,19:00,0,60,0.0,18.4
1100,7,16,20:00,0,67,0.0,17.1
1101,7,16,21:00,0,67,0.0,15.5
1102,7,16,22:00,0,71,0.0,15.5
1103,7,16,23:00,0,77,0.0,14.0
1104,7,17,00:00,0,84,0.0,13.3
1105,7,17,01:00,0,90,0.0,14.0
1106,7,17,02:00,3,84,0.0,15.1
1107,7,17,03:00,7,83,0.0,15.5
1108,7,17,04:00,7,86,0.0,15.4
1109,7,17,05:00,7,88,0.0,15.3
1110,7,17,06:00,7,87,0.0,15.7
1111,7,17,07:00,8,88,0.0,15.4
1112,7,17,08:00,7,93,0.9,15.2
1113,7,17,09:00,7,94,1.6,14.7
1114,7,17,10:00,8,95,0.3,14.6
1115,7,17,11:00,8,95,0.2,14.5
1116,7,17,12:00,7,95,0.5,15.5
1117,7,17,13:00,7,93,0.0,16.0
1118,7,17,14:00,0,82,0.0,17.1
1119,7,17,15:00,3,81,0.0,17.1
1120,7,17,16:00,0,78,0.0,17.0
1121,7,17,17:00,0,82,0.0,17.0
1122,7,17,18:00,1,81,0.0,16.9
1123,7,17,19:00,0,65,0.0,17.0
1124,7,17,20:00,0,68,0.0,15.5
1125,7,17,21:00,0,71,0.0,14.6
1126,7,17,22:00,0,78,0.0,13.7
1127,7,17,23:00,0,81,0.0,12.6
1128,7,18,00:00,0,82,0.0,12.1
1129,7,18,01:00,3,85,0.0,12.1
1130,7,18,02:00,5,84,0.0,12.5
1131,7,18,03:00,7,84,0.0,12.9
1132,7,18,04:00,3,84,0.0,13.9
1133,7,18,05:00,0,83,0.0,14.5
1134,7,18,06:00,7,73,0.0,15.5
1135,7,18,07:00,1,71,0.0,16.9
1136,7,18,08:00,0,65,0.0,17.9
1137,7,18,09:00,3,60,0.0,18.3
1138,7,18,10:00,1,69,0.0,16.7
1139,7,18,11:00,1,54,0.0,18.2
1140,7,18,12:00,7,92,0.0,14.5
1141,7,18,13:00,7,64,0.0,16.4
1142,7,18,14:00,5,79,0.0,15.3
1143,7,18,15:00,7,67,0.0,16.5
1144,7,18,16:00,1,47,0.0,19.1
1145,7,18,17:00,0,45,0.0,18.5
1146,7,18,18:00,0,53,0.0,17.0
1147,7,18,19:00,5,56,0.0,16.3
1148,7,18,20:00,7,59,0.0,15.2
1149,7,18,21:00,7,64,0.0,14.4
1150,7,18,22:00,0,66,0.0,13.8
1151,7,18,23:00,1,69,0.0,13.3
1152,7,19,00:00,0,78,0.0,12.2
1153,7,19,01:00,0,79,0.0,12.3
1154,7,19,02:00,1,82,0.0,11.8
1155,7,19,03:00,0,83,0.0,12.3
1156,7,19,04:00,1,80,0.0,13.0
1157,7,19,05:00,5,78,0.0,13.6
1158,7,19,06:00,5,77,0.0,14.5
1159,7,19,07:00,5,76,0.0,15.0
1160,7,19,08:00,5,69,0.0,16.0
1161,7,19,09:00,7,62,0.0,16.0
1162,7,19,10:00,7,84,0.5,13.1
1163,7,19,11:00,7,83,0.2,13.7
1164,7,19,12:00,7,70,0.0,15.3
1165,7,19,13:00,7,73,0.0,15.0
1166,7,19,14:00,7,70,0.0,15.6
1167,7,19,15:00,7,65,0.0,15.3
1168,7,19,16:00,7,64,0.0,15.4
1169,7,19,17:00,7,65,0.0,15.1
1170,7,19,18:00,7,67,0.0,14.7
1171,7,19,19:00,7,72,0.0,14.2
1172,7,19,20:00,5,75,0.0,13.6
1173,7,19,21:00,7,76,0.0,13.4
1174,7,19,22:00,7,77,0.0,13.3
1175,7,19,23:00,7,78,0.0,13.1
1176,7,20,00:00,7,80,0.0,12.8
1177,7,20,01:00,7,80,0.0,12.7
1178,7,20,02:00,7,81,0.0,12.5
1179,7,20,03:00,7,82,0.0,12.5
1180,7,20,04:00,7,82,0.0,12.7
1181,7,20,05:00,7,80,0.0,13.4
1182,7,20,06:00,5,76,0.0,14.2
1183,7,20,07:00,5,71,0.0,14.4
1184,7,20,08:00,7,67,0.0,15.4
1185,7,20,09:00,7,71,0.0,15.4
1186,7,20,10:00,7,70,0.0,15.8
1187,7,20,11:00,7,87,5.8,13.7
1188,7,20,12:00,5,78,0.0,16.1
1189,7,20,13:00,7,73,0.0,15.7
1190,7,20,14:00,3,65,0.0,17.1
1191,7,20,15:00,3,64,0.0,18.1
1192,7,20,16:00,3,65,0.0,16.9
1193,7,20,17:00,7,60,0.0,17.2
1194,7,20,18:00,3,64,0.0,16.7
1195,7,20,19:00,3,74,0.0,15.1
1196,7,20,20:00,8,74,0.0,15.1
1197,7,20,21:00,8,77,0.0,14.5
1198,7,20,22:00,7,75,0.0,14.5
1199,7,20,23:00,3,84,0.0,12.4
1200,7,21,00:00,0,88,0.0,11.9
1201,7,21,01:00,0,90,0.0,11.2
1202,7,21,02:00,0,93,0.0,10.6
1203,7,21,03:00,0,91,0.0,11.6
1204,7,21,04:00,0,86,0.0,13.0
1205,7,21,05:00,0,78,0.0,15.2
1206,7,21,06:00,0,70,0.0,16.4
1207,7,21,07:00,1,70,0.0,15.8
1208,7,21,08:00,1,61,0.0,17.1
1209,7,21,09:00,5,62,0.0,17.0
1210,7,21,10:00,5,60,0.0,18.5
1211,7,21,11:00,0,57,0.0,18.0
1212,7,21,12:00,0,55,0.0,18.8
1213,7,21,13:00,1,57,0.0,18.7
1214,7,21,14:00,1,57,0.0,19.2
1215,7,21,15:00,1,48,0.0,19.8
1216,7,21,16:00,0,37,0.0,20.1
1217,7,21,17:00,1,45,0.0,19.3
1218,7,21,18:00,0,50,0.0,18.2
1219,7,21,19:00,0,59,0.0,17.1
1220,7,21,20:00,3,69,0.0,15.3
1221,7,21,21:00,1,79,0.0,13.7
1222,7,21,22:00,5,79,0.0,13.8
1223,7,21,23:00,7,76,0.0,13.9
1224,7,22,00:00,1,83,0.0,12.9
1225,7,22,01:00,0,90,0.0,11.4
1226,7,22,02:00,0,92,0.0,10.9
1227,7,22,03:00,0,87,0.0,11.8
1228,7,22,04:00,0,82,0.0,13.0
1229,7,22,05:00,0,73,0.0,15.4
1230,7,22,06:00,0,66,0.0,17.5
1231,7,22,07:00,1,58,0.0,19.1
1232,7,22,08:00,5,59,0.0,19.8
1233,7,22,09:00,5,64,0.0,18.0
1234,7,22,10:00,1,67,0.0,18.1
1235,7,22,11:00,1,60,0.0,18.7
1236,7,22,12:00,7,71,0.0,17.8
1237,7,22,13:00,3,61,0.0,19.3
1238,7,22,14:00,7,92,1.9,15.1
1239,7,22,15:00,1,87,0.0,16.1
1240,7,22,16:00,0,69,0.0,17.8
1241,7,22,17:00,0,76,0.0,17.1
1242,7,22,18:00,0,78,0.0,16.9
1243,7,22,19:00,0,85,0.0,15.6
1244,7,22,20:00,0,89,0.0,14.2
1245,7,22,21:00,0,94,0.0,13.2
1246,7,22,22:00,0,95,0.0,12.5
1247,7,22,23:00,0,96,0.0,12.3
1248,7,23,00:00,0,96,0.0,12.1
1249,7,23,01:00,0,95,0.0,12.0
1250,7,23,02:00,0,96,0.0,11.4
1251,7,23,03:00,0,94,0.0,12.1
1252,7,23,04:00,0,88,0.0,13.6
1253,7,23,05:00,0,75,0.0,16.3
1254,7,23,06:00,0,68,0.0,18.2
1255,7,23,07:00,0,58,0.0,19.3
1256,7,23,08:00,0,58,0.0,19.3
1257,7,23,09:00,1,51,0.0,20.4
1258,7,23,10:00,3,61,0.0,19.5
1259,7,23,11:00,7,60,0.0,19.0
1260,7,23,12:00,7,59,0.0,19.4
1261,7,23,13:00,3,64,0.0,18.7
1262,7,23,14:00,1,59,0.0,19.8
1263,7,23,15:00,1,58,0.0,20.4
1264,7,23,16:00,3,52,0.0,20.6
1265,7,23,17:00,1,61,0.0,19.5
1266,7,23,18:00,7,62,0.0,19.1
1267,7,23,19:00,3,66,0.0,17.4
1268,7,23,20:00,1,80,0.0,15.4
1269,7,23,21:00,0,81,0.0,14.3
1270,7,23,22:00,0,85,0.0,13.2
1271,7,23,23:00,0,82,0.0,13.1
1272,7,24,00:00,0,78,0.0,14.1
1273,7,24,01:00,0,81,0.0,13.5
1274,7,24,02:00,0,84,0.0,13.0
1275,7,24,03:00,0,88,0.0,12.5
1276,7,24,04:00,0,77,0.0,14.6
1277,7,24,05:00,0,70,0.0,16.4
1278,7,24,06:00,0,67,0.0,17.2
1279,7,24,07:00,1,67,0.0,17.3
1280,7,24,08:00,3,68,0.0,18.7
1281,7,24,09:00,7,71,0.0,17.2
1282,7,24,10:00,7,73,0.0,16.7
1283,7,24,11:00,7,77,0.0,16.4
1284,7,24,12:00,7,77,0.0,16.5
1285,7,24,13:00,7,74,0.0,17.0
1286,7,24,14:00,7,79,0.0,16.6
1287,7,24,15:00,7,74,0.0,17.6
1288,7,24,16:00,7,81,0.0,16.6
1289,7,24,17:00,7,79,0.0,16.8
1290,7,24,18:00,7,83,0.0,16.4
1291,7,24,19:00,7,85,0.0,16.2
1292,7,24,20:00,7,86,0.0,15.9
1293,7,24,21:00,7,89,0.0,15.6
1294,7,24,22:00,7,89,0.0,15.3
1295,7,24,23:00,7,90,0.0,15.0
1296,7,25,00:00,3,92,0.0,14.1
1297,7,25,01:00,7,91,0.0,14.2
1298,7,25,02:00,7,90,0.0,14.6
1299,7,25,03:00,7,89,0.0,14.7
1300,7,25,04:00,7,87,0.0,15.3
1301,7,25,05:00,7,84,0.0,15.8
1302,7,25,06:00,7,80,0.0,17.1
1303,7,25,07:00,3,73,0.0,18.4
1304,7,25,08:00,7,66,0.0,19.2
1305,7,25,09:00,8,78,0.0,17.0
1306,7,25,10:00,7,77,0.0,17.5
1307,7,25,11:00,1,69,0.0,19.0
1308,7,25,12:00,8,81,0.0,16.8
1309,7,25,13:00,8,87,0.0,16.4
1310,7,25,14:00,7,76,0.0,17.4
1311,7,25,15:00,7,76,0.0,17.7
1312,7,25,16:00,7,70,0.0,18.0
1313,7,25,17:00,1,74,0.0,17.7
1314,7,25,18:00,3,79,0.0,16.7
1315,7,25,19:00,7,81,0.0,16.7
1316,7,25,20:00,3,81,0.0,16.1
1317,7,25,21:00,1,86,0.0,15.2
1318,7,25,22:00,3,89,0.0,14.5
1319,7,25,23:00,0,91,0.0,13.8
1320,7,26,00:00,0,93,0.0,13.3
1321,7,26,01:00,0,94,0.0,13.2
1322,7,26,02:00,0,95,0.0,13.1
1323,7,26,03:00,0,95,0.0,13.1
1324,7,26,04:00,0,91,0.0,14.3
1325,7,26,05:00,0,83,0.0,15.9
1326,7,26,06:00,1,78,0.0,17.7
1327,7,26,07:00,5,76,0.0,17.9
1328,7,26,08:00,1,67,0.0,19.6
1329,7,26,09:00,1,63,0.0,20.5
1330,7,26,10:00,0,68,0.0,19.7
1331,7,26,11:00,5,75,0.0,18.6
1332,7,26,12:00,1,64,0.0,19.9
1333,7,26,13:00,0,64,0.0,20.6
1334,7,26,14:00,1,65,0.0,20.5
1335,7,26,15:00,1,67,0.0,19.4
1336,7,26,16:00,1,67,0.0,19.3
1337,7,26,17:00,0,74,0.0,18.2
1338,7,26,18:00,1,73,0.0,17.9
1339,7,26,19:00,0,82,0.0,16.3
1340,7,26,20:00,5,81,0.0,16.2
1341,7,26,21:00,3,83,0.0,15.9
1342,7,26,22:00,0,86,0.0,15.3
1343,7,26,23:00,0,81,0.0,15.9
1344,7,27,00:00,0,81,0.0,15.3
1345,7,27,01:00,0,83,0.0,14.7
1346,7,27,02:00,0,82,0.0,15.1
1347,7,27,03:00,0,83,0.0,14.9
1348,7,27,04:00,0,79,0.0,16.4
1349,7,27,05:00,0,72,0.0,18.0
1350,7,27,06:00,0,68,0.0,19.6
1351,7,27,07:00,0,61,0.0,20.7
1352,7,27,08:00,0,58,0.0,21.4
1353,7,27,09:00,0,53,0.0,22.3
1354,7,27,10:00,0,65,0.0,21.3
1355,7,27,11:00,0,69,0.0,20.8
1356,7,27,12:00,1,58,0.0,21.0
1357,7,27,13:00,1,64,0.0,20.3
1358,7,27,14:00,0,65,0.0,19.9
1359,7,27,15:00,0,61,0.0,20.0
1360,7,27,16:00,0,66,0.0,19.6
1361,7,27,17:00,0,69,0.0,19.3
1362,7,27,18:00,0,65,0.0,19.3
1363,7,27,19:00,0,70,0.0,18.5
1364,7,27,20:00,5,74,0.0,18.3
1365,7,27,21:00,7,77,0.0,18.4
1366,7,27,22:00,8,86,0.0,17.6
1367,7,27,23:00,8,86,0.0,18.0
1368,7,28,00:00,8,89,0.0,17.9
1369,7,28,01:00,7,95,0.9,17.0
1370,7,28,02:00,8,96,0.4,17.3
1371,7,28,03:00,8,97,0.0,17.5
1372,7,28,04:00,7,97,0.0,17.7
1373,7,28,05:00,7,96,0.0,18.2
1374,7,28,06:00,3,92,0.0,18.8
1375,7,28,07:00,7,89,0.0,19.0
1376,7,28,08:00,3,81,0.0,20.9
1377,7,28,09:00,0,74,0.0,22.0
1378,7,28,10:00,0,66,0.0,22.8
1379,7,28,11:00,1,66,0.0,22.4
1380,7,28,12:00,7,71,0.0,21.4
1381,7,28,13:00,5,67,0.0,22.8
1382,7,28,14:00,5,71,0.0,21.7
1383,7,28,15:00,7,83,0.0,18.9
1384,7,28,16:00,8,85,0.0,17.7
1385,7,28,17:00,8,86,0.0,17.6
1386,7,28,18:00,8,85,0.0,17.7
1387,7,28,19:00,7,85,0.0,17.6
1388,7,28,20:00,3,84,0.0,17.5
1389,7,28,21:00,0,81,0.0,17.3
1390,7,28,22:00,1,91,0.0,17.0
1391,7,28,23:00,3,90,0.0,17.0
1392,7,29,00:00,1,92,0.0,16.3
1393,7,29,01:00,5,96,0.0,16.5
1394,7,29,02:00,7,94,0.0,16.7
1395,7,29,03:00,7,95,0.0,16.5
1396,7,29,04:00,7,93,0.0,16.8
1397,7,29,05:00,7,91,0.0,17.0
1398,7,29,06:00,7,89,0.0,17.5
1399,7,29,07:00,1,83,0.0,18.3
1400,7,29,08:00,3,84,0.0,18.1
1401,7,29,09:00,7,87,0.0,17.7
1402,7,29,10:00,3,86,0.0,18.2
1403,7,29,11:00,1,82,0.0,18.3
1404,7,29,12:00,1,77,0.0,18.4
1405,7,29,13:00,1,77,0.0,18.4
1406,7,29,14:00,1,73,0.0,19.4
1407,7,29,15:00,0,65,0.0,20.0
1408,7,29,16:00,0,65,0.0,19.8
1409,7,29,17:00,0,70,0.0,18.9
1410,7,29,18:00,0,81,0.0,17.8
1411,7,29,19:00,0,88,0.0,17.2
1412,7,29,20:00,0,86,0.0,17.6
1413,7,29,21:00,0,91,0.0,17.2
1414,7,29,22:00,0,94,0.0,15.9
1415,7,29,23:00,0,94,0.0,16.0
1416,7,30,00:00,0,94,0.0,15.2
1417,7,30,01:00,0,96,0.0,14.4
1418,7,30,02:00,0,96,0.0,14.1
1419,7,30,03:00,1,97,0.0,14.2
1420,7,30,04:00,0,98,0.0,15.4
1421,7,30,05:00,3,88,0.0,16.8
1422,7,30,06:00,1,83,0.0,17.6
1423,7,30,07:00,7,77,0.0,19.1
1424,7,30,08:00,0,72,0.0,20.2
1425,7,30,09:00,0,73,0.0,19.9
1426,7,30,10:00,0,79,0.0,19.6
1427,7,30,11:00,0,73,0.0,20.4
1428,7,30,12:00,0,72,0.0,20.8
1429,7,30,13:00,0,74,0.0,20.3
1430,7,30,14:00,0,73,0.0,20.5
1431,7,30,15:00,0,74,0.0,20.5
1432,7,30,16:00,0,76,0.0,20.0
1433,7,30,17:00,0,80,0.0,19.4
1434,7,30,18:00,0,77,0.0,19.0
1435,7,30,19:00,0,81,0.0,18.3
1436,7,30,20:00,0,84,0.0,17.5
1437,7,30,21:00,0,86,0.0,17.0
1438,7,30,22:00,0,87,0.0,16.5
1439,7,30,23:00,0,90,0.0,16.2
1440,7,31,00:00,5,94,0.0,16.6
1441,7,31,01:00,7,93,0.0,16.8
1442,7,31,02:00,8,93,0.0,16.9
1443,7,31,03:00,8,95,0.0,16.3
1444,7,31,04:00,8,94,0.0,16.4
1445,7,31,05:00,8,90,0.0,16.7
1446,7,31,06:00,8,88,0.0,16.9
1447,7,31,07:00,3,81,0.0,18.2
1448,7,31,08:00,7,85,0.0,18.2
1449,7,31,09:00,8,87,0.0,17.7
1450,7,31,10:00,7,88,0.0,18.0
1451,7,31,11:00,7,88,0.0,18.2
1452,7,31,12:00,8,93,0.0,18.9
1453,7,31,13:00,7,86,0.0,19.8
1454,7,31,14:00,3,82,0.0,20.8
1455,7,31,15:00,0,72,0.0,21.5
1456,7,31,16:00,5,73,0.0,20.6
1457,7,31,17:00,1,76,0.0,20.3
1458,7,31,18:00,1,82,0.0,19.3
1459,7,31,19:00,0,86,0.0,18.2
1460,7,31,20:00,0,85,0.0,17.5
1461,7,31,21:00,0,86,0.0,17.2
1462,7,31,22:00,0,89,0.0,17.0
1463,7,31,23:00,0,89,0.0,17.0
