Month,Day,Hour,Sammonpuistikko,Hietaniemenkatu,Eteläinen Hesperiankatu,Kesäkatu
6,1,0,5.75,,12.0,14.416666666666666
6,1,1,5.666666666666667,,12.0,15.0
6,1,2,6.916666666666667,,12.0,15.0
6,1,3,7.0,,12.0,15.0
6,1,4,7.0,,12.0,15.0
6,1,5,7.0,,12.166666666666666,15.0
6,1,6,6.166666666666667,,11.916666666666666,14.166666666666666
6,1,7,2.9166666666666665,,11.916666666666666,14.666666666666666
6,1,8,1.5833333333333333,,8.166666666666666,17.333333333333332
6,1,9,0.5833333333333334,,2.1666666666666665,21.666666666666668
6,1,10,5.25,,1.75,21.25
6,1,11,5.666666666666667,,3.25,12.25
6,1,12,4.166666666666667,,1.9166666666666667,11.583333333333334
6,1,13,3.8,,2.0,12.0
6,1,14,5.083333333333333,,3.4166666666666665,8.333333333333334
6,1,15,7.583333333333333,,6.5,8.833333333333334
6,1,16,6.416666666666667,,7.833333333333333,5.583333333333333
6,1,17,5.083333333333333,,13.333333333333334,4.166666666666667
6,1,18,4.166666666666667,,13.166666666666666,3.6666666666666665
6,1,19,3.3333333333333335,,15.833333333333334,7.583333333333333
6,1,20,4.666666666666667,,16.333333333333332,6.583333333333333
6,1,21,3.3333333333333335,,14.333333333333334,7.25
6,1,22,8.833333333333334,,13.833333333333334,7.083333333333333
6,1,23,10.5,,14.0,6.0
6,2,0,12.0,,14.0,6.0
6,2,1,11.083333333333334,,14.0,6.0
6,2,2,10.666666666666666,,14.0,6.0
6,2,3,10.0,,14.0,6.0
6,2,4,10.0,,14.0,6.0
6,2,5,10.0,,14.083333333333334,6.166666666666667
6,2,6,9.0,,15.0,7.166666666666667
6,2,7,5.333333333333333,,14.583333333333334,8.666666666666666
6,2,8,0.25,,10.583333333333334,10.166666666666666
6,2,9,0.5833333333333334,,8.833333333333334,16.583333333333332
6,2,10,0.0,,7.666666666666667,17.5
6,2,16,5.0,,12.583333333333334,12.0
6,2,17,3.0,,16.166666666666668,13.916666666666666
6,2,18,2.5,,13.583333333333334,12.0
6,2,19,3.75,,12.416666666666666,12.916666666666666
6,2,20,3.5833333333333335,,11.583333333333334,14.916666666666666
6,2,21,5.666666666666667,,14.833333333333334,15.0
6,2,22,6.083333333333333,,14.416666666666666,16.0
6,2,23,7.083333333333333,,16.916666666666668,15.916666666666666
6,3,0,6.333333333333333,,18.0,15.0
6,3,1,6.666666666666667,,18.75,15.0
6,3,2,6.083333333333333,,19.0,15.0
6,3,3,6.0,,19.0,15.0
6,3,4,6.333333333333333,,19.0,15.0
6,3,5,5.166666666666667,,19.0,15.0
6,3,6,2.0833333333333335,,18.0,14.25
6,3,7,1.0,,18.0,14.0
6,3,8,1.75,,18.0,14.0
6,3,9,0.4166666666666667,,17.583333333333332,14.0
6,3,10,0.8333333333333334,,18.5,14.0
6,3,11,0.5,,20.0,13.5
6,3,12,0.4166666666666667,,16.083333333333332,14.833333333333334
6,3,13,4.25,,7.75,14.0
6,3,14,9.333333333333334,,11.666666666666666,11.083333333333334
6,3,15,6.333333333333333,,12.916666666666666,8.916666666666666
6,3,16,5.833333333333333,,15.5,12.833333333333334
6,3,17,4.5,,16.166666666666668,13.833333333333334
6,3,18,0.8333333333333334,,16.416666666666668,13.166666666666666
6,3,19,0.75,,18.416666666666668,12.5
6,3,20,6.0,,18.5,10.5
6,3,21,5.083333333333333,,21.916666666666668,13.5
6,3,22,8.916666666666666,,22.916666666666668,12.75
6,3,23,6.75,,22.0,9.333333333333334
6,4,0,3.090909090909091,,22.636363636363637,9.0
6,4,1,3.3333333333333335,,24.083333333333332,10.666666666666666
6,4,2,4.25,,26.0,11.0
6,4,3,3.1666666666666665,,26.166666666666668,11.583333333333334
6,4,4,3.0833333333333335,,26.333333333333332,12.0
6,4,5,1.1666666666666667,,27.0,12.0
6,4,6,1.5,,27.0,12.0
6,4,7,1.0,,27.0,11.75
6,4,8,0.25,,27.0,11.666666666666666
6,4,9,0.0,,26.0,12.0
6,4,10,0.9166666666666666,,23.666666666666668,11.416666666666666
6,4,11,0.3333333333333333,,18.833333333333332,12.916666666666666
6,4,12,1.6666666666666667,,12.166666666666666,13.666666666666666
6,4,13,4.583333333333333,,10.25,15.416666666666666
6,4,14,0.25,,10.666666666666666,16.833333333333332
6,4,15,2.8333333333333335,,13.166666666666666,16.666666666666668
6,4,16,4.75,,18.583333333333332,17.583333333333332
6,4,17,5.25,,13.416666666666666,11.0
6,4,18,5.25,,9.916666666666666,10.916666666666666
6,4,19,2.0833333333333335,,6.333333333333333,11.416666666666666
6,4,20,1.75,,6.25,16.0
6,4,21,0.08333333333333333,,6.416666666666667,12.666666666666666
6,4,22,0.5833333333333334,,8.0,11.25
6,4,23,0.5833333333333334,,8.5,10.083333333333334
6,5,0,1.4166666666666667,,9.0,10.0
6,5,1,1.8333333333333333,,10.333333333333334,10.0
6,5,2,2.0,,11.0,10.0
6,5,3,2.0,,11.0,10.0
6,5,4,2.0,,11.0,10.0
6,5,5,1.8181818181818181,,11.181818181818182,10.0
6,5,6,0.16666666666666666,,12.0,10.0
6,5,7,0.0,,10.083333333333334,10.583333333333334
6,5,8,0.0,,7.714285714285714,12.571428571428571
6,5,9,0.3333333333333333,,0.5833333333333334,18.75
6,5,10,0.0,,2.4166666666666665,10.666666666666666
6,5,11,0.0,,3.6666666666666665,8.0
6,5,12,0.0,,1.1666666666666667,6.333333333333333
6,5,13,1.5,,8.75,2.25
6,5,14,2.6666666666666665,,9.5,1.8333333333333333
6,5,15,0.3333333333333333,,8.916666666666666,0.4166666666666667
6,5,16,3.6666666666666665,,6.083333333333333,0.0
6,5,17,8.416666666666666,,7.083333333333333,0.16666666666666666
6,5,18,7.416666666666667,,7.333333333333333,2.4166666666666665
6,5,19,10.5,,9.333333333333334,4.0
6,5,20,11.0,,11.25,2.75
6,5,21,13.0,,11.166666666666666,3.0833333333333335
6,5,22,11.25,,10.333333333333334,3.0
6,5,23,13.666666666666666,,10.0,3.0
6,6,0,14.0,,10.0,3.0
6,6,1,14.25,,10.0,2.5833333333333335
6,6,2,15.0,,10.0,2.0
6,6,3,15.75,,10.0,2.0
6,6,4,16.0,,10.0,2.0
6,6,5,16.0,,10.0,2.0
6,6,6,15.166666666666666,,10.75,2.25
6,6,7,9.833333333333334,,8.5,4.083333333333333
6,6,8,0.5833333333333334,,4.166666666666667,7.166666666666667
6,6,9,0.3333333333333333,,0.5,9.5
6,6,10,1.1666666666666667,,2.0,12.916666666666666
6,6,11,0.16666666666666666,,0.08333333333333333,15.75
6,6,12,0.0,,2.0,12.75
6,6,13,0.5833333333333334,,4.0,9.166666666666666
6,6,14,5.5,,7.75,4.25
6,6,15,10.75,,11.0,2.4166666666666665
6,6,16,9.75,,12.416666666666666,0.16666666666666666
6,6,17,11.833333333333334,,18.166666666666668,1.6666666666666667
6,6,18,7.909090909090909,,30.818181818181817,5.090909090909091
6,6,19,4.833333333333333,,24.25,1.5
6,6,20,6.25,,21.916666666666668,1.8333333333333333
6,6,21,11.25,,19.166666666666668,1.75
6,6,22,11.916666666666666,,18.0,1.25
6,6,23,13.0,,16.0,0.08333333333333333
6,7,0,12.0,,16.0,1.0
6,7,1,11.833333333333334,,16.0,1.0
6,7,2,12.083333333333334,,16.0,1.0
6,7,3,12.0,,16.0,1.0
6,7,4,12.0,,16.0,1.0
6,7,5,12.0,,16.0,1.0
6,7,6,10.25,,16.0,1.75
6,7,7,5.666666666666667,,15.416666666666666,4.166666666666667
6,7,8,0.25,,8.75,9.583333333333334
6,7,9,0.0,,7.75,12.666666666666666
6,7,10,0.08333333333333333,,9.75,11.916666666666666
6,7,11,0.25,,11.5,12.083333333333334
6,7,12,1.0833333333333333,,12.5,11.0
6,7,13,0.9166666666666666,,18.333333333333332,11.166666666666666
6,7,14,2.0833333333333335,,18.583333333333332,9.666666666666666
6,7,15,1.0833333333333333,,18.166666666666668,8.416666666666666
6,7,16,3.9166666666666665,,14.583333333333334,2.1666666666666665
6,7,17,3.5833333333333335,,12.833333333333334,5.0
6,7,18,5.166666666666667,,17.166666666666668,16.916666666666668
6,7,19,1.75,,20.75,18.916666666666668
6,7,20,4.5,,10.583333333333334,10.833333333333334
6,7,21,6.333333333333333,,7.666666666666667,9.583333333333334
6,7,22,5.833333333333333,,0.9166666666666666,9.083333333333334
6,7,23,4.25,,0.0,6.916666666666667
6,8,0,5.666666666666667,,0.0,5.583333333333333
6,8,1,6.0,,0.0,4.0
6,8,2,6.0,,0.0,4.0
6,8,3,6.0,,0.0,3.3333333333333335
6,8,4,6.0,,0.0,3.0
6,8,5,5.5,,0.0,3.0
6,8,6,2.25,,0.0,3.1666666666666665
6,8,7,0.5833333333333334,,0.0,4.333333333333333
6,8,8,0.0,,0.6666666666666666,5.75
6,8,9,0.0,,1.9166666666666667,8.75
6,8,10,0.9166666666666666,,0.75,8.166666666666666
6,8,11,0.8333333333333334,,0.0,8.0
6,8,12,1.5,,2.75,7.75
6,8,13,1.3333333333333333,,5.25,6.75
6,8,14,0.25,,4.833333333333333,6.166666666666667
6,8,15,0.0,,5.4,2.5
6,8,16,1.5833333333333333,,6.25,1.8333333333333333
6,8,17,2.5833333333333335,,9.666666666666666,1.5
6,8,18,2.5,,11.0,0.4166666666666667
6,8,19,1.4166666666666667,,10.833333333333334,0.0
6,8,20,0.16666666666666666,,11.75,0.16666666666666666
6,8,21,5.833333333333333,,11.833333333333334,2.0
6,8,22,11.916666666666666,,12.416666666666666,2.0
6,8,23,14.0,,13.0,2.0
6,9,0,12.916666666666666,,13.0,1.75
6,9,1,12.0,,13.0,1.4166666666666667
6,9,2,12.0,,13.0,2.0
6,9,3,13.0,,13.0,2.0
6,9,4,13.0,,13.0,2.0
6,9,5,13.0,,13.0,2.0
6,9,6,12.416666666666666,,14.083333333333334,2.5
6,9,7,7.583333333333333,,13.166666666666666,2.5
6,9,8,0.5,,6.583333333333333,4.75
6,9,9,0.0,,2.5833333333333335,10.666666666666666
6,9,10,0.0,,3.0,8.916666666666666
6,9,11,0.3333333333333333,,2.0833333333333335,5.833333333333333
6,9,12,2.5,,2.75,3.6666666666666665
6,9,13,2.0,,4.583333333333333,1.75
6,9,14,0.75,,6.166666666666667,0.9166666666666666
6,9,15,1.25,,7.0,0.08333333333333333
6,9,16,2.25,,7.583333333333333,0.16666666666666666
6,9,17,0.8333333333333334,,6.833333333333333,0.16666666666666666
6,9,18,0.08333333333333333,,2.5,0.5
6,9,19,1.1666666666666667,,2.6666666666666665,0.5833333333333334
6,9,20,1.9166666666666667,,3.3333333333333335,4.333333333333333
6,9,21,6.583333333333333,,5.916666666666667,5.083333333333333
6,9,22,15.75,,11.25,3.5833333333333335
6,9,23,16.0,,15.083333333333334,1.75
6,10,0,15.75,,15.833333333333334,0.5833333333333334
6,10,1,13.0,,15.166666666666666,1.1666666666666667
6,10,2,14.0,,17.333333333333332,0.6666666666666666
6,10,3,14.0,,18.0,0.0
6,10,4,14.0,,17.333333333333332,0.0
6,10,5,13.25,,17.916666666666668,0.0
6,10,6,13.0,,18.0,0.0
6,10,7,12.75,,18.0,0.0
6,10,8,7.916666666666667,,18.0,0.0
6,10,9,2.5833333333333335,,16.916666666666668,0.16666666666666666
6,10,10,0.08333333333333333,,18.5,0.3333333333333333
6,10,11,0.75,,19.0,6.166666666666667
6,10,12,0.25,,21.916666666666668,9.333333333333334
6,10,13,0.8333333333333334,,19.583333333333332,8.166666666666666
6,10,14,0.5,,24.583333333333332,4.916666666666667
6,10,15,1.6666666666666667,,27.25,8.75
6,10,16,0.9166666666666666,,4.333333333333333,9.666666666666666
6,10,17,2.4166666666666665,,3.5,6.0
6,10,18,0.8333333333333334,,4.666666666666667,11.25
6,10,19,1.0833333333333333,,6.5,6.333333333333333
6,10,20,1.75,,3.5833333333333335,0.4166666666666667
6,10,21,1.0,,3.0833333333333335,0.8333333333333334
6,10,22,3.0,,3.8333333333333335,2.0833333333333335
6,10,23,8.083333333333334,,1.4166666666666667,0.4166666666666667
6,11,0,7.0,,6.0,0.0
6,11,1,6.833333333333333,,7.0,0.0
6,11,2,12.0,,9.166666666666666,0.0
6,11,3,18.25,,11.25,0.08333333333333333
6,11,4,20.083333333333332,,12.666666666666666,1.0
6,11,5,18.166666666666668,,13.0,1.0
6,11,6,19.0,,9.0,1.0
6,11,7,18.916666666666668,,9.0,1.0
6,11,8,17.166666666666668,,9.0,1.0
6,11,9,11.75,,9.166666666666666,1.0
6,11,10,7.166666666666667,,8.666666666666666,3.1666666666666665
6,11,11,5.083333333333333,,10.166666666666666,3.9166666666666665
6,11,12,1.8333333333333333,,15.333333333333334,4.25
6,11,13,0.25,,16.083333333333332,9.666666666666666
6,11,14,1.25,,16.333333333333332,11.25
6,11,15,1.0,,4.083333333333333,10.833333333333334
6,11,16,3.25,,1.25,2.75
6,11,17,2.1666666666666665,,2.4166666666666665,2.0
6,11,18,2.4166666666666665,,2.3333333333333335,1.25
6,11,19,1.75,,2.1666666666666665,5.083333333333333
6,11,20,0.3333333333333333,,7.833333333333333,4.166666666666667
6,11,21,1.4166666666666667,,8.25,0.0
6,11,22,0.5,,6.75,0.0
6,11,23,2.0,,5.833333333333333,0.0
6,12,0,2.9166666666666665,,4.25,0.0
6,12,1,2.5,,4.0,0.08333333333333333
6,12,2,2.0,,4.0,1.0
6,12,3,2.0,,4.0,1.0
6,12,4,2.0,,4.0,1.0
6,12,5,2.0,,4.25,1.0
6,12,6,2.0,,5.166666666666667,1.1666666666666667
6,12,7,1.3333333333333333,,4.416666666666667,2.1666666666666665
6,12,8,0.0,,1.6666666666666667,3.5
6,12,9,0.0,,2.0,5.916666666666667
6,12,10,0.75,,3.9166666666666665,6.0
6,12,11,0.0,,7.0,6.0
6,12,12,0.5833333333333334,,7.0,6.0
6,12,13,0.08333333333333333,,7.0,6.0
6,12,14,1.0,,7.0,6.0
6,12,15,7.5,,7.916666666666667,6.083333333333333
6,12,16,8.090909090909092,,8.0,5.454545454545454
6,12,17,8.333333333333334,,7.0,4.833333333333333
6,12,18,9.166666666666666,,11.583333333333334,7.0
6,12,19,14.25,,12.666666666666666,6.083333333333333
6,12,20,14.833333333333334,,13.083333333333334,3.5
6,12,21,16.166666666666668,,12.0,0.5833333333333334
6,12,22,14.916666666666666,,12.0,2.75
6,12,23,15.75,,12.0,2.9166666666666665
6,13,0,15.333333333333334,,12.0,2.0
6,13,1,15.416666666666666,,12.0,2.0
6,13,2,16.0,,12.0,1.0
6,13,3,16.0,,12.0,1.0
6,13,4,16.083333333333332,,12.0,1.0
6,13,5,16.0,,12.0,1.0
6,13,6,14.333333333333334,,13.166666666666666,1.1666666666666667
6,13,7,9.083333333333334,,12.833333333333334,2.4166666666666665
6,13,8,2.9166666666666665,,6.75,4.833333333333333
6,13,9,1.6666666666666667,,3.0833333333333335,13.333333333333334
6,13,10,0.75,,3.25,13.5
6,13,11,0.0,,3.8333333333333335,13.666666666666666
6,13,12,0.3333333333333333,,2.9166666666666665,12.333333333333334
6,13,13,1.5833333333333333,,5.833333333333333,8.0
6,13,14,2.4166666666666665,,5.5,6.75
6,13,15,4.083333333333333,,7.333333333333333,5.0
6,13,16,7.5,,10.0,1.75
6,13,17,10.416666666666666,,17.583333333333332,0.9166666666666666
6,13,18,13.083333333333334,,18.416666666666668,1.0833333333333333
6,13,19,9.083333333333334,,13.25,2.1666666666666665
6,13,20,8.916666666666666,,8.666666666666666,5.0
6,13,21,11.166666666666666,,11.583333333333334,4.666666666666667
6,13,22,9.166666666666666,,12.666666666666666,5.0
6,13,23,8.916666666666666,,13.0,6.333333333333333
6,14,0,9.083333333333334,,13.0,7.0
6,14,1,9.0,,13.0,7.0
6,14,2,9.25,,13.0,7.0
6,14,3,10.0,,13.0,7.0
6,14,4,11.0,,13.0,7.0
6,14,5,11.083333333333334,,13.0,7.0
6,14,6,11.166666666666666,,12.916666666666666,7.25
6,14,7,6.583333333333333,,13.25,7.666666666666667
6,14,8,0.0,,7.5,11.75
6,14,9,0.0,,2.0,12.75
6,14,10,0.3333333333333333,,1.3333333333333333,12.5
6,14,11,0.0,,0.4166666666666667,12.75
6,14,12,2.75,,3.3333333333333335,12.583333333333334
6,14,13,1.5,,6.5,9.916666666666666
6,14,14,0.8333333333333334,,6.166666666666667,12.083333333333334
6,14,15,1.75,,7.083333333333333,9.583333333333334
6,14,16,3.4166666666666665,,14.75,5.75
6,14,17,5.5,,22.916666666666668,10.666666666666666
6,14,18,8.416666666666666,,25.416666666666668,12.583333333333334
6,14,19,5.75,,11.083333333333334,16.333333333333332
6,14,20,3.25,,13.75,16.75
6,14,21,0.6666666666666666,,16.666666666666668,13.333333333333334
6,14,22,2.3333333333333335,,12.25,14.916666666666666
6,14,23,2.5,,8.416666666666666,16.416666666666668
6,15,0,1.8333333333333333,,8.0,14.083333333333334
6,15,1,1.5833333333333333,,8.0,14.0
6,15,2,1.0,,8.0,14.5
6,15,3,0.0,,8.0,15.0
6,15,4,0.0,,8.0,15.0
6,15,5,0.0,,8.083333333333334,15.0
6,15,6,0.0,,9.0,15.5
6,15,7,3.25,,9.333333333333334,15.833333333333334
6,15,8,1.9166666666666667,,6.916666666666667,15.416666666666666
6,15,9,2.25,,1.9166666666666667,17.5
6,15,10,0.8333333333333334,,1.4166666666666667,17.083333333333332
6,15,11,2.8333333333333335,,1.8333333333333333,18.333333333333332
6,15,12,2.5833333333333335,,2.75,18.0
6,15,13,1.1666666666666667,,4.833333333333333,17.583333333333332
6,15,14,1.3333333333333333,,7.583333333333333,18.916666666666668
6,15,15,2.8333333333333335,,6.0,19.25
6,15,16,1.4166666666666667,,12.25,7.75
6,15,17,2.75,,16.5,4.25
6,15,18,1.6666666666666667,,20.166666666666668,0.9166666666666666
6,15,19,3.3333333333333335,,13.75,4.666666666666667
6,15,20,3.0833333333333335,,16.0,10.083333333333334
6,15,21,7.333333333333333,,16.416666666666668,4.833333333333333
6,15,22,11.833333333333334,,15.5,3.5
6,15,23,13.583333333333334,,11.75,0.3333333333333333
6,16,0,13.0,,11.0,0.0
6,16,1,13.666666666666666,,11.833333333333334,0.5
6,16,2,12.666666666666666,,12.0,0.0
6,16,3,11.75,,12.0,0.0
6,16,4,11.363636363636363,,12.0,0.0
6,16,5,11.083333333333334,,12.083333333333334,0.0
6,16,6,9.166666666666666,,13.666666666666666,0.16666666666666666
6,16,7,3.1666666666666665,,13.75,1.0833333333333333
6,16,8,0.6666666666666666,,3.75,0.8333333333333334
6,16,9,2.0833333333333335,,0.8333333333333334,3.0833333333333335
6,16,10,0.16666666666666666,,3.75,1.0
6,16,11,2.9166666666666665,,3.5,1.25
6,16,12,0.5,,3.0,1.0
6,16,13,0.0,,10.0,0.0
6,16,14,0.9166666666666666,,7.5,0.5833333333333334
6,16,15,3.25,,8.166666666666666,1.3333333333333333
6,16,16,2.25,,14.333333333333334,0.8333333333333334
6,16,17,2.6666666666666665,,13.5,2.9166666666666665
6,16,18,3.4166666666666665,,16.75,5.166666666666667
6,16,19,0.9166666666666666,,17.916666666666668,3.5833333333333335
6,16,20,0.8333333333333334,,15.333333333333334,3.5833333333333335
6,16,21,2.25,,7.166666666666667,2.4166666666666665
6,16,22,1.5833333333333333,,9.5,4.333333333333333
6,16,23,0.5833333333333334,,6.666666666666667,3.6666666666666665
6,17,0,2.75,,5.5,1.5833333333333333
6,17,1,4.083333333333333,,6.333333333333333,2.8333333333333335
6,17,2,6.0,,8.083333333333334,3.4166666666666665
6,17,3,6.333333333333333,,9.666666666666666,3.0
6,17,4,7.166666666666667,,10.0,3.0
6,17,5,6.333333333333333,,10.833333333333334,3.0
6,17,6,4.5,,11.0,3.0
6,17,7,2.6666666666666665,,11.0,3.5
6,17,8,1.1666666666666667,,9.833333333333334,4.0
6,17,9,0.6666666666666666,,10.25,4.333333333333333
6,17,10,0.4166666666666667,,13.5,6.583333333333333
6,17,11,0.5,,16.5,7.166666666666667
6,17,12,0.5,,15.083333333333334,11.583333333333334
6,17,13,0.3333333333333333,,16.166666666666668,12.083333333333334
6,17,14,1.0,,16.75,8.916666666666666
6,17,15,0.3333333333333333,,17.0,8.916666666666666
6,17,16,0.8333333333333334,,19.083333333333332,2.25
6,17,17,2.25,,13.75,0.3333333333333333
6,17,18,1.6666666666666667,,5.333333333333333,1.5
6,17,19,1.1666666666666667,,6.666666666666667,4.0
6,17,20,1.3333333333333333,,21.0,1.9166666666666667
6,17,21,0.9166666666666666,,25.0,0.5833333333333334
6,17,22,4.916666666666667,,31.0,1.75
6,17,23,5.5,,26.666666666666668,0.3333333333333333
6,18,0,7.583333333333333,,27.0,2.8333333333333335
6,18,1,11.916666666666666,,27.0,2.75
6,18,2,12.333333333333334,,26.5,5.0
6,18,3,13.416666666666666,,28.0,5.0
6,18,4,6.833333333333333,,28.25,5.0
6,18,5,1.4166666666666667,,29.0,5.0
6,18,6,0.0,,29.0,5.0
6,18,7,0.0,,29.0,5.0
6,18,8,0.0,,29.333333333333332,5.0
6,18,9,0.0,,30.083333333333332,6.75
6,18,10,0.0,,31.0,5.333333333333333
6,18,11,0.25,,30.083333333333332,3.0
6,18,12,0.3333333333333333,,27.333333333333332,1.0833333333333333
6,18,13,0.8333333333333334,,22.833333333333332,2.75
6,18,14,0.3333333333333333,,11.75,1.75
6,18,15,1.4166666666666667,,12.0,4.333333333333333
6,18,16,3.6666666666666665,,10.5,2.1666666666666665
6,18,17,5.916666666666667,,10.083333333333334,7.416666666666667
6,18,18,9.166666666666666,,11.5,8.25
6,18,19,4.416666666666667,,13.666666666666666,14.166666666666666
6,18,20,7.25,,14.833333333333334,12.583333333333334
6,18,21,5.833333333333333,,15.75,9.75
6,18,22,2.9166666666666665,,14.5,9.333333333333334
6,18,23,1.0909090909090908,,13.545454545454545,8.818181818181818
6,19,0,2.0,,13.0,8.0
6,19,1,4.0,,13.0,8.0
6,19,2,4.0,,13.0,7.416666666666667
6,19,3,4.0,,13.0,7.0
6,19,4,4.0,,13.0,7.0
6,19,5,4.0,,13.0,7.0
6,19,6,2.1666666666666665,,13.25,7.0
6,19,7,0.6666666666666666,,13.083333333333334,8.25
6,19,8,3.1666666666666665,,7.75,11.333333333333334
6,19,9,1.5,,1.5,12.416666666666666
6,19,10,0.0,,4.666666666666667,7.75
6,19,11,1.0,,4.25,7.25
6,19,12,1.5714285714285714,,6.0,7.285714285714286
6,19,13,7.833333333333333,,6.833333333333333,4.333333333333333
6,19,14,12.333333333333334,,8.666666666666666,1.4166666666666667
6,19,15,6.083333333333333,,20.833333333333332,2.0833333333333335
6,19,16,14.0,,41.166666666666664,0.75
6,19,17,17.75,,60.5,3.9166666666666665
6,19,18,16.25,,75.0,15.166666666666666
6,19,19,12.166666666666666,,90.33333333333333,24.416666666666668
6,19,20,14.333333333333334,,98.5,27.25
6,19,21,16.0,,93.0,28.166666666666668
6,19,22,14.666666666666666,,71.08333333333333,26.916666666666668
6,19,23,13.25,,39.666666666666664,18.0
6,20,0,0.08333333333333333,,1.25,10.833333333333334
6,20,1,0.0,,1.0,9.0
6,20,2,0.0,,1.0,9.0
6,20,3,0.0,,1.0,9.0
6,20,4,0.0,,1.0,9.0
6,20,5,0.0,,1.0,9.0
6,20,6,0.0,,1.1666666666666667,8.75
6,20,7,2.3333333333333335,,1.0833333333333333,7.416666666666667
6,20,8,4.333333333333333,,1.0,6.166666666666667
6,20,9,0.16666666666666666,,2.0833333333333335,7.083333333333333
6,20,10,0.9166666666666666,,3.5833333333333335,7.083333333333333
6,20,11,2.4166666666666665,,2.4166666666666665,8.0
6,20,12,1.75,,3.6666666666666665,8.083333333333334
6,20,13,2.0833333333333335,,4.666666666666667,6.916666666666667
6,20,14,5.916666666666667,,2.5833333333333335,5.416666666666667
6,20,15,4.5,,1.9166666666666667,4.583333333333333
6,20,16,4.833333333333333,,1.0,6.083333333333333
6,20,17,6.083333333333333,,3.1666666666666665,6.25
6,20,18,3.25,,5.583333333333333,6.333333333333333
6,20,19,1.75,,6.666666666666667,4.416666666666667
6,20,20,4.083333333333333,,11.083333333333334,5.25
6,20,21,7.833333333333333,,7.916666666666667,3.8333333333333335
6,20,22,17.0,,5.833333333333333,3.0
6,20,23,14.0,,4.666666666666667,3.0
6,21,0,13.916666666666666,,5.0,3.0
6,21,1,14.0,,5.0,3.0
6,21,2,14.0,,5.0,3.0
6,21,3,14.0,,5.0,3.0
6,21,4,14.0,,5.0,3.0
6,21,5,13.333333333333334,,5.0,3.0
6,21,6,9.75,,5.5,2.75
6,21,7,3.75,,6.166666666666667,3.5
6,21,8,0.5833333333333334,,4.333333333333333,5.583333333333333
6,21,9,0.5,,3.0,9.0
6,21,10,1.1666666666666667,,3.0833333333333335,10.5
6,21,11,0.25,,2.0833333333333335,8.333333333333334
6,21,12,1.6666666666666667,0.0,2.0,6.083333333333333
6,21,13,0.0,0.0,1.4166666666666667,8.0
6,21,14,2.6666666666666665,0.0,4.333333333333333,8.166666666666666
6,21,15,0.75,0.0,6.916666666666667,8.166666666666666
6,21,16,2.5,6.666666666666667,8.0,5.75
6,21,17,2.1666666666666665,8.416666666666666,11.916666666666666,5.25
6,21,18,1.5,9.0,16.5,6.25
6,21,19,0.6666666666666666,10.666666666666666,17.666666666666668,7.416666666666667
6,21,20,4.416666666666667,11.25,19.166666666666668,11.666666666666666
6,21,21,5.75,12.0,19.916666666666668,10.916666666666666
6,21,22,6.416666666666667,12.583333333333334,20.583333333333332,10.5
6,21,23,5.583333333333333,11.166666666666666,21.583333333333332,9.25
6,22,0,5.166666666666667,10.0,21.833333333333332,9.0
6,22,1,6.0,10.0,22.0,10.416666666666666
6,22,2,6.666666666666667,10.0,22.0,11.0
6,22,3,7.25,10.0,22.0,11.0
6,22,4,7.0,10.0,22.0,11.0
6,22,5,7.0,10.0,22.0,11.0
6,22,6,6.0,10.5,22.5,11.0
6,22,7,8.416666666666666,11.0,22.083333333333332,11.0
6,22,8,2.8333333333333335,11.166666666666666,20.916666666666668,11.583333333333334
6,22,9,0.4166666666666667,10.083333333333334,20.166666666666668,14.0
6,22,10,3.6666666666666665,12.0,20.916666666666668,13.0
6,22,11,3.4166666666666665,13.0,20.5,12.833333333333334
6,22,12,1.0833333333333333,12.5,19.916666666666668,10.25
6,22,13,0.0,12.916666666666666,19.0,10.5
6,22,14,1.5,13.166666666666666,17.916666666666668,11.5
6,22,15,3.5,13.75,19.916666666666668,10.666666666666666
6,22,16,0.16666666666666666,13.583333333333334,18.5,9.833333333333334
6,22,17,5.25,12.0,11.583333333333334,8.583333333333334
6,22,18,1.4166666666666667,12.25,7.083333333333333,11.0
6,22,19,1.6666666666666667,12.0,7.75,11.5
6,22,20,3.5833333333333335,12.0,10.666666666666666,12.0
6,22,21,7.416666666666667,12.416666666666666,13.416666666666666,12.833333333333334
6,22,22,8.583333333333334,12.0,16.916666666666668,12.25
6,22,23,12.75,12.166666666666666,18.666666666666668,12.0
6,23,0,15.454545454545455,13.0,18.181818181818183,12.0
6,23,1,14.666666666666666,13.0,18.0,12.0
6,23,2,14.333333333333334,13.0,18.0,12.0
6,23,3,16.0,13.083333333333334,18.0,11.333333333333334
6,23,4,15.166666666666666,13.0,18.0,11.0
6,23,5,15.0,13.0,18.0,11.0
6,23,6,15.0,13.0,18.0,11.0
6,23,7,15.0,13.0,18.0,11.0
6,23,8,13.666666666666666,13.0,18.0,11.0
6,23,9,10.0,13.0,18.666666666666668,13.0
6,23,10,9.166666666666666,13.0,18.25,13.166666666666666
6,23,11,6.75,13.0,11.0,12.666666666666666
6,23,12,3.5833333333333335,13.0,8.916666666666666,13.333333333333334
6,23,13,4.333333333333333,14.75,6.75,13.166666666666666
6,23,14,5.666666666666667,14.583333333333334,10.0,13.916666666666666
6,23,15,4.416666666666667,13.666666666666666,12.0,18.25
6,23,16,3.8333333333333335,9.583333333333334,12.333333333333334,17.166666666666668
6,23,17,4.666666666666667,9.916666666666666,13.916666666666666,13.416666666666666
6,23,18,4.083333333333333,10.666666666666666,14.0,15.666666666666666
6,23,19,3.25,12.416666666666666,14.5,17.0
6,23,20,2.75,13.833333333333334,14.0,17.0
6,23,21,1.1666666666666667,11.416666666666666,13.333333333333334,16.0
6,23,22,0.75,11.166666666666666,12.833333333333334,16.083333333333332
6,23,23,1.0,10.083333333333334,10.666666666666666,13.75
6,24,0,1.1666666666666667,11.833333333333334,8.666666666666666,14.5
6,24,1,3.3333333333333335,11.666666666666666,7.0,16.0
6,24,2,4.0,11.833333333333334,7.0,16.0
6,24,3,5.5,10.0,5.166666666666667,16.0
6,24,4,5.0,10.0,7.083333333333333,16.0
6,24,5,5.0,10.0,8.0,16.0
6,24,6,5.0,10.0,8.0,15.333333333333334
6,24,7,5.0,10.0,8.0,15.0
6,24,8,5.363636363636363,10.0,8.454545454545455,14.545454545454545
6,24,9,7.0,10.0,8.0,14.666666666666666
6,24,10,4.333333333333333,10.083333333333334,8.666666666666666,15.0
6,24,11,2.3333333333333335,10.0,10.0,16.166666666666668
6,24,12,1.9166666666666667,11.166666666666666,7.083333333333333,16.416666666666668
6,24,13,0.8333333333333334,14.416666666666666,3.5,13.916666666666666
6,24,14,1.8333333333333333,22.083333333333332,6.25,14.5
6,24,15,2.3333333333333335,20.166666666666668,7.166666666666667,14.5
6,24,16,4.666666666666667,19.0,5.666666666666667,12.916666666666666
6,24,17,6.416666666666667,17.75,4.5,12.75
6,24,18,8.666666666666666,17.0,2.75,13.583333333333334
6,24,19,10.666666666666666,18.333333333333332,2.8333333333333335,14.083333333333334
6,24,20,8.666666666666666,18.0,3.6666666666666665,13.833333333333334
6,24,21,8.166666666666666,18.0,3.75,14.083333333333334
6,24,22,9.75,18.0,2.0833333333333335,13.0
6,24,23,10.5,18.0,2.0,13.0
6,25,0,8.916666666666666,18.0,2.0,13.0
6,25,1,8.333333333333334,18.0,2.0,13.0
6,25,2,7.25,18.0,2.0,13.0
6,25,3,7.5,18.0,2.25,12.333333333333334
6,25,4,8.0,18.0,3.0,12.0
6,25,5,8.75,18.0,3.0,12.0
6,25,6,8.0,18.0,3.0,11.25
6,25,7,9.5,18.0,3.0,11.0
6,25,8,11.0,18.0,3.0,11.333333333333334
6,25,9,11.0,18.0,3.75,10.0
6,25,10,12.583333333333334,18.333333333333332,5.416666666666667,10.583333333333334
6,25,11,11.416666666666666,21.5,4.5,13.166666666666666
6,25,12,2.5,24.0,4.166666666666667,12.75
6,25,13,3.0,18.0,5.583333333333333,11.666666666666666
6,25,14,0.16666666666666666,15.916666666666666,6.583333333333333,9.416666666666666
6,25,15,2.1666666666666665,16.75,2.5,6.416666666666667
6,25,16,6.166666666666667,12.416666666666666,5.833333333333333,6.583333333333333
6,25,17,6.75,12.916666666666666,8.5,4.25
6,25,18,11.25,14.583333333333334,5.5,3.1666666666666665
6,25,19,8.583333333333334,14.0,5.083333333333333,1.9166666666666667
6,25,20,10.583333333333334,14.75,12.25,2.5833333333333335
6,25,21,8.666666666666666,15.0,13.833333333333334,5.666666666666667
6,25,22,6.333333333333333,15.0,12.166666666666666,3.3333333333333335
6,25,23,8.0,15.0,12.0,1.0
6,26,0,6.75,14.333333333333334,12.0,1.0
6,26,1,5.5,15.0,12.0,1.0
6,26,2,5.0,15.0,12.0,1.0
6,26,3,5.0,15.0,12.0,1.0
6,26,4,5.0,15.0,12.0,1.0
6,26,5,4.5,15.0,12.083333333333334,1.0
6,26,6,3.5,15.666666666666666,13.0,1.0
6,26,7,1.1666666666666667,18.0,11.0,1.8333333333333333
6,26,8,0.16666666666666666,17.416666666666668,7.583333333333333,6.0
6,26,9,0.9166666666666666,16.416666666666668,5.0,11.916666666666666
6,26,10,2.25,15.416666666666666,4.25,13.833333333333334
6,26,11,5.083333333333333,16.166666666666668,4.416666666666667,11.833333333333334
6,26,12,4.083333333333333,17.916666666666668,6.666666666666667,10.333333333333334
6,26,13,4.416666666666667,19.25,3.5833333333333335,9.333333333333334
6,26,14,8.333333333333334,16.083333333333332,4.583333333333333,6.25
6,26,15,3.3333333333333335,15.666666666666666,4.916666666666667,9.5
6,26,16,5.25,14.833333333333334,2.9166666666666665,6.5
6,26,17,7.166666666666667,19.666666666666668,5.583333333333333,4.666666666666667
6,26,18,1.5,22.25,6.75,7.083333333333333
6,26,19,5.666666666666667,23.583333333333332,5.916666666666667,8.666666666666666
6,26,20,11.5,11.75,9.166666666666666,5.416666666666667
6,26,21,11.333333333333334,8.75,14.333333333333334,3.6666666666666665
6,26,22,16.0,3.5833333333333335,18.583333333333332,4.0
6,26,23,19.333333333333332,2.5,19.333333333333332,4.583333333333333
6,27,0,20.833333333333332,2.0,19.0,5.0
6,27,1,22.583333333333332,2.5833333333333335,19.0,5.0
6,27,2,23.0,3.0,19.0,5.0
6,27,3,23.0,2.6666666666666665,19.0,5.0
6,27,4,23.0,1.0,19.0,5.0
6,27,5,21.916666666666668,1.0,19.0,5.0
6,27,6,20.833333333333332,1.8333333333333333,19.916666666666668,5.0
6,27,7,18.666666666666668,4.916666666666667,18.5,5.75
6,27,8,15.583333333333334,3.9166666666666665,14.75,8.083333333333334
6,27,9,4.916666666666667,3.8333333333333335,13.916666666666666,14.25
6,27,10,0.5,4.083333333333333,12.833333333333334,14.333333333333334
6,27,11,7.5,1.75,14.0,12.416666666666666
6,27,12,3.25,9.0,14.083333333333334,12.083333333333334
6,27,13,1.4166666666666667,9.333333333333334,14.083333333333334,13.166666666666666
6,27,14,2.3333333333333335,11.88888888888889,14.0,12.666666666666666
6,27,15,3.75,12.666666666666666,13.583333333333334,9.416666666666666
6,27,16,2.75,12.416666666666666,17.416666666666668,7.916666666666667
6,27,17,5.0,14.666666666666666,20.25,5.333333333333333
6,27,18,4.583333333333333,19.333333333333332,16.666666666666668,9.5
6,27,19,3.8333333333333335,19.083333333333332,11.333333333333334,10.0
6,27,20,2.75,17.583333333333332,4.416666666666667,10.166666666666666
6,27,21,10.333333333333334,16.333333333333332,5.833333333333333,5.75
6,27,22,11.916666666666666,14.5,5.333333333333333,3.0833333333333335
6,27,23,13.5,15.0,4.583333333333333,3.25
6,28,0,17.5,15.0,5.666666666666667,4.0
6,28,1,19.666666666666668,14.166666666666666,6.0,4.0
6,28,2,21.0,13.0,6.833333333333333,4.0
6,28,3,21.0,13.0,7.0,4.0
6,28,4,21.0,13.0,7.0,4.0
6,28,5,21.0,13.0,7.0,4.0
6,28,6,20.833333333333332,13.083333333333334,7.416666666666667,4.0
6,28,7,19.083333333333332,15.0,8.416666666666666,5.583333333333333
6,28,8,11.583333333333334,14.75,2.9166666666666665,5.333333333333333
6,28,9,0.75,14.0,1.0,7.25
6,28,10,4.5,13.333333333333334,1.6666666666666667,6.5
6,28,11,0.6666666666666666,11.0,3.1666666666666665,4.75
6,28,12,0.4166666666666667,12.166666666666666,5.166666666666667,2.5
6,28,13,0.3333333333333333,17.583333333333332,4.0,3.0
6,28,14,0.9166666666666666,16.833333333333332,9.5,4.333333333333333
6,28,15,3.0833333333333335,18.25,11.166666666666666,3.3333333333333335
6,28,16,10.666666666666666,20.0,15.583333333333334,2.3333333333333335
6,28,17,12.166666666666666,22.166666666666668,14.583333333333334,3.8333333333333335
6,28,18,7.166666666666667,20.25,16.083333333333332,10.083333333333334
6,28,19,0.25,17.166666666666668,18.75,10.833333333333334
6,28,20,2.75,14.5,19.25,7.75
6,28,21,5.583333333333333,4.083333333333333,13.083333333333334,4.083333333333333
6,28,22,12.583333333333334,0.5833333333333334,7.833333333333333,3.75
6,28,23,14.333333333333334,0.0,9.75,3.0
6,29,0,14.5,0.0,13.0,3.0
6,29,1,15.833333333333334,0.0,13.666666666666666,4.0
6,29,2,14.916666666666666,0.0,14.0,3.3333333333333335
6,29,3,14.0,0.0,14.0,2.0
6,29,4,14.0,0.0,14.0,2.0
6,29,5,13.75,0.0,14.0,2.0
6,29,6,11.666666666666666,0.0,14.416666666666666,2.4166666666666665
6,29,7,4.083333333333333,1.0,15.166666666666666,4.083333333333333
6,29,8,1.5,0.16666666666666666,12.916666666666666,5.25
6,29,9,0.3333333333333333,0.9166666666666666,5.25,9.916666666666666
6,29,10,3.5,2.0,4.583333333333333,6.75
6,29,11,1.1666666666666667,2.6666666666666665,3.9166666666666665,1.8333333333333333
6,29,12,1.8333333333333333,7.083333333333333,2.0833333333333335,3.4166666666666665
6,29,13,1.6666666666666667,16.75,3.8333333333333335,1.5
6,29,14,4.583333333333333,12.25,8.166666666666666,1.25
6,29,15,3.9166666666666665,14.0,9.583333333333334,1.4166666666666667
6,29,16,2.0833333333333335,12.75,8.083333333333334,2.5
6,29,17,2.25,15.583333333333334,16.75,6.833333333333333
6,29,18,0.3333333333333333,21.666666666666668,19.833333333333332,12.333333333333334
6,29,19,1.4166666666666667,25.916666666666668,11.833333333333334,4.666666666666667
6,29,20,8.0,14.416666666666666,7.916666666666667,2.9166666666666665
6,29,21,5.0,4.166666666666667,8.666666666666666,2.9166666666666665
6,29,22,4.833333333333333,3.5,7.333333333333333,1.0
6,29,23,9.416666666666666,0.3333333333333333,3.3333333333333335,1.0
6,30,0,12.333333333333334,0.0,2.75,1.0
6,30,1,12.333333333333334,0.0,3.0,1.0
6,30,2,13.0,0.0,3.0,1.1666666666666667
6,30,3,13.0,0.0,3.0,2.0
6,30,4,13.0,0.0,3.0,2.0
6,30,5,13.0,0.0,3.0833333333333335,2.0
6,30,6,11.75,0.0,4.166666666666667,2.0
6,30,7,6.25,1.0,5.083333333333333,3.0833333333333335
6,30,8,0.16666666666666666,0.16666666666666666,3.5,7.583333333333333
6,30,9,1.4166666666666667,0.08333333333333333,1.4166666666666667,9.25
6,30,10,0.3333333333333333,1.25,1.0,8.666666666666666
6,30,11,0.0,4.916666666666667,1.0833333333333333,7.25
6,30,12,0.25,4.0,2.3333333333333335,5.0
6,30,13,0.4166666666666667,5.75,2.5833333333333335,5.0
6,30,14,3.8333333333333335,7.25,3.0,5.583333333333333
6,30,15,4.7272727272727275,7.181818181818182,4.909090909090909,4.818181818181818
6,30,16,7.5,5.0,3.0833333333333335,2.0
6,30,17,8.75,4.333333333333333,5.333333333333333,4.5
6,30,18,5.25,2.75,6.75,5.166666666666667
6,30,19,11.833333333333334,2.5833333333333335,9.916666666666666,6.416666666666667
6,30,20,12.5,3.0,15.0,7.25
6,30,21,14.0,4.416666666666667,16.416666666666668,5.916666666666667
6,30,22,15.0,2.0,16.833333333333332,4.666666666666667
6,30,23,15.5,1.25,15.0,3.1666666666666665
7,1,0,16.75,0.0,15.0,5.083333333333333
7,1,1,13.416666666666666,0.0,13.666666666666666,6.0
7,1,2,12.916666666666666,0.0,12.25,6.0
7,1,3,13.166666666666666,0.0,13.416666666666666,5.5
7,1,4,9.25,0.0,13.5,5.0
7,1,5,2.6666666666666665,0.0,13.0,5.0
7,1,6,1.6666666666666667,0.0,13.0,5.0
7,1,7,0.0,0.0,13.0,5.0
7,1,8,0.0,0.0,13.5,4.666666666666667
7,1,9,0.6666666666666666,1.5,13.083333333333334,4.0
7,1,10,0.25,3.0833333333333335,14.083333333333334,4.333333333333333
7,1,11,0.8333333333333334,4.666666666666667,12.333333333333334,5.0
7,1,12,6.916666666666667,6.75,12.333333333333334,4.5
7,1,13,2.1666666666666665,8.0,14.666666666666666,1.9166666666666667
7,1,14,1.9166666666666667,7.083333333333333,16.666666666666668,1.5
7,1,15,1.5833333333333333,4.916666666666667,17.333333333333332,2.5
7,1,16,7.666666666666667,1.0833333333333333,15.833333333333334,7.916666666666667
7,1,17,9.25,0.5833333333333334,9.0,9.583333333333334
7,1,18,9.666666666666666,0.25,7.416666666666667,9.166666666666666
7,1,19,6.25,2.6666666666666665,11.833333333333334,11.416666666666666
7,1,20,3.1666666666666665,5.0,12.0,13.5
7,1,21,3.25,5.0,11.166666666666666,14.0
7,1,22,2.1666666666666665,5.0,11.333333333333334,12.583333333333334
7,1,23,2.5833333333333335,5.0,11.0,9.166666666666666
7,2,0,2.5833333333333335,5.416666666666667,11.583333333333334,8.0
7,2,1,3.6666666666666665,2.0,12.0,8.166666666666666
7,2,2,5.916666666666667,2.0,12.0,10.0
7,2,3,11.833333333333334,2.0,12.0,10.0
7,2,4,9.545454545454545,2.0,13.454545454545455,10.0
7,2,5,7.5,2.0,13.25,10.25
7,2,6,4.083333333333333,2.0,14.0,10.25
7,2,7,1.25,2.0,14.0,10.0
7,2,8,0.25,3.1666666666666665,12.916666666666666,10.0
7,2,9,0.3333333333333333,4.5,13.25,9.166666666666666
7,2,10,1.0833333333333333,11.166666666666666,14.083333333333334,9.833333333333334
7,2,11,0.9166666666666666,11.75,11.75,14.25
7,2,12,1.25,14.0,13.5,17.833333333333332
7,2,13,0.4166666666666667,13.666666666666666,13.666666666666666,17.166666666666668
7,2,14,0.25,14.166666666666666,12.25,16.333333333333332
7,2,15,0.5,17.583333333333332,17.0,14.75
7,2,16,0.9090909090909091,25.454545454545453,17.727272727272727,17.363636363636363
7,2,17,1.0,22.916666666666668,20.333333333333332,15.583333333333334
7,2,18,1.25,17.083333333333332,20.416666666666668,17.583333333333332
7,2,19,1.75,19.0,22.666666666666668,14.333333333333334
7,2,20,1.5,6.916666666666667,18.5,9.916666666666666
7,2,21,2.0833333333333335,5.333333333333333,13.416666666666666,5.083333333333333
7,2,22,4.0,1.1666666666666667,11.083333333333334,1.0833333333333333
7,2,23,4.083333333333333,2.0,10.0,1.0
7,3,0,3.9166666666666665,1.5,11.0,1.25
7,3,1,4.166666666666667,1.0,11.0,2.0
7,3,2,7.0,1.0,11.0,2.0
7,3,3,7.0,1.0,11.0,2.0
7,3,4,6.0,1.0,11.0,2.0
7,3,5,5.5,1.0,11.083333333333334,2.0
7,3,6,3.0,1.0833333333333333,12.0,2.25
7,3,7,1.4166666666666667,2.0,11.666666666666666,4.083333333333333
7,3,8,0.4166666666666667,2.0,10.166666666666666,6.416666666666667
7,3,9,0.6666666666666666,1.0,7.833333333333333,9.0
7,3,10,0.0,1.0,7.333333333333333,8.0
7,3,11,0.16666666666666666,1.0833333333333333,5.416666666666667,8.5
7,3,12,0.5833333333333334,2.0,4.333333333333333,10.75
7,3,13,1.75,2.0,3.8333333333333335,10.083333333333334
7,3,14,0.5833333333333334,3.1666666666666665,3.5833333333333335,9.5
7,3,15,1.5,4.0,3.75,9.75
7,3,16,2.25,2.5833333333333335,7.666666666666667,5.166666666666667
7,3,17,3.5833333333333335,3.4166666666666665,8.416666666666666,4.166666666666667
7,3,18,4.75,4.25,12.666666666666666,12.583333333333334
7,3,19,2.3333333333333335,6.166666666666667,19.666666666666668,12.583333333333334
7,3,20,2.75,6.25,23.583333333333332,12.0
7,3,21,2.25,4.75,25.416666666666668,12.5
7,3,22,2.0833333333333335,4.083333333333333,23.083333333333332,15.666666666666666
7,3,23,6.666666666666667,3.3333333333333335,20.0,15.583333333333334
7,4,0,6.166666666666667,3.0,20.0,15.0
7,4,1,6.166666666666667,3.0,20.0,15.0
7,4,2,7.0,3.0,20.0,15.0
7,4,3,7.0,3.0,21.0,15.0
7,4,4,7.0,3.0,21.0,15.0
7,4,5,7.0,3.0,21.0,15.0
7,4,6,6.25,3.4166666666666665,21.916666666666668,15.0
7,4,7,2.0833333333333335,6.25,21.166666666666668,15.5
7,4,8,0.08333333333333333,7.083333333333333,21.083333333333332,17.416666666666668
7,4,9,0.75,5.75,19.583333333333332,19.416666666666668
7,4,10,0.5833333333333334,4.166666666666667,19.083333333333332,19.833333333333332
7,4,11,0.0,4.583333333333333,20.166666666666668,19.0
7,4,12,3.4166666666666665,13.166666666666666,21.666666666666668,18.5
7,4,13,5.333333333333333,14.916666666666666,20.166666666666668,19.583333333333332
7,4,14,1.25,16.666666666666668,20.083333333333332,19.416666666666668
7,4,15,3.0833333333333335,19.166666666666668,22.5,18.166666666666668
7,4,16,6.833333333333333,19.916666666666668,21.833333333333332,19.166666666666668
7,4,17,5.5,23.916666666666668,13.083333333333334,19.333333333333332
7,4,18,4.0,20.0,17.75,18.416666666666668
7,4,19,8.833333333333334,17.5,17.916666666666668,15.916666666666666
7,4,20,11.083333333333334,11.25,14.5,16.166666666666668
7,4,21,13.0,5.25,15.25,14.666666666666666
7,4,22,15.666666666666666,0.5,17.916666666666668,15.083333333333334
7,4,23,16.083333333333332,0.0,12.083333333333334,14.833333333333334
7,5,0,16.166666666666668,0.0,12.0,16.0
7,5,1,15.0,0.0,12.0,16.0
7,5,2,14.166666666666666,0.0,8.75,16.0
7,5,3,14.0,0.0,8.0,16.0
7,5,4,14.0,0.0,8.0,16.0
7,5,5,13.666666666666666,0.4166666666666667,8.083333333333334,16.0
7,5,6,11.583333333333334,0.5833333333333334,9.083333333333334,16.0
7,5,7,6.833333333333333,0.5833333333333334,10.666666666666666,16.0
7,5,8,2.1666666666666665,1.0833333333333333,7.666666666666667,16.75
7,5,9,0.8333333333333334,0.08333333333333333,8.166666666666666,18.916666666666668
7,5,10,1.25,1.75,8.166666666666666,21.0
7,5,11,1.6666666666666667,0.16666666666666666,9.166666666666666,19.25
7,5,12,0.25,0.0,9.583333333333334,17.666666666666668
7,5,13,0.5,0.0,9.166666666666666,17.0
7,5,14,1.1818181818181819,0.0,8.181818181818182,15.181818181818182
7,5,15,2.1666666666666665,0.8333333333333334,7.75,10.833333333333334
7,5,16,4.5,7.0,9.583333333333334,3.1666666666666665
7,5,17,3.5833333333333335,11.333333333333334,11.0,2.1666666666666665
7,5,18,4.666666666666667,17.0,14.916666666666666,1.0
7,5,19,1.75,12.25,19.833333333333332,2.8333333333333335
7,5,20,4.0,8.0,22.5,3.6666666666666665
7,5,21,7.916666666666667,3.4166666666666665,15.166666666666666,7.25
7,5,22,9.833333333333334,5.25,11.166666666666666,6.166666666666667
7,5,23,10.5,6.166666666666667,9.666666666666666,7.166666666666667
7,6,0,12.416666666666666,5.166666666666667,11.0,8.0
7,6,1,13.25,5.0,11.0,8.0
7,6,2,13.0,5.0,12.166666666666666,8.0
7,6,3,14.166666666666666,5.0,12.0,8.0
7,6,4,15.0,5.0,12.0,8.0
7,6,5,15.0,5.5,12.0,8.0
7,6,6,14.833333333333334,5.583333333333333,12.583333333333334,7.583333333333333
7,6,7,12.75,5.25,12.5,8.916666666666666
7,6,8,7.0,3.0833333333333335,8.666666666666666,12.166666666666666
7,6,9,1.5,1.0833333333333333,11.25,14.583333333333334
7,6,10,0.08333333333333333,0.0,11.5,15.0
7,6,11,0.08333333333333333,0.0,8.333333333333334,15.75
7,6,12,3.1666666666666665,3.0833333333333335,7.333333333333333,16.916666666666668
7,6,13,1.1666666666666667,4.25,8.416666666666666,18.583333333333332
7,6,14,1.3333333333333333,1.8333333333333333,9.583333333333334,18.333333333333332
7,6,15,1.4166666666666667,4.5,10.416666666666666,18.916666666666668
7,6,16,1.6666666666666667,12.583333333333334,8.5,21.833333333333332
7,6,17,4.5,15.5,10.416666666666666,20.416666666666668
7,6,18,3.3333333333333335,14.583333333333334,13.75,17.916666666666668
7,6,19,2.0833333333333335,16.333333333333332,13.083333333333334,17.083333333333332
7,6,20,0.6666666666666666,12.666666666666666,14.333333333333334,14.5
7,6,21,1.3333333333333333,9.0,15.916666666666666,11.0
7,6,22,6.333333333333333,8.666666666666666,14.75,11.916666666666666
7,6,23,7.0,9.0,15.666666666666666,14.25
7,7,0,8.333333333333334,7.166666666666667,16.0,14.0
7,7,1,9.166666666666666,7.0,16.0,14.0
7,7,2,7.833333333333333,7.0,17.0,14.0
7,7,3,7.0,7.0,18.0,14.0
7,7,4,7.166666666666667,7.0,18.0,14.0
7,7,5,5.416666666666667,7.5,18.0,13.833333333333334
7,7,6,3.1666666666666665,7.583333333333333,18.166666666666668,13.0
7,7,7,0.75,7.916666666666667,17.833333333333332,14.333333333333334
7,7,8,0.08333333333333333,6.5,17.666666666666668,15.5
7,7,9,1.0,3.1666666666666665,18.0,15.833333333333334
7,7,10,0.3333333333333333,3.5,16.916666666666668,15.25
7,7,11,0.5,3.8333333333333335,16.416666666666668,15.25
7,7,12,0.3333333333333333,3.0833333333333335,9.166666666666666,12.333333333333334
7,7,13,0.5833333333333334,4.0,8.666666666666666,5.0
7,7,14,3.6666666666666665,1.25,7.666666666666667,3.75
7,7,15,6.916666666666667,0.6666666666666666,10.916666666666666,2.8333333333333335
7,7,16,4.166666666666667,4.333333333333333,5.75,0.0
7,7,17,0.9166666666666666,7.333333333333333,11.416666666666666,1.9166666666666667
7,7,18,0.5,9.75,17.333333333333332,3.0833333333333335
7,7,19,0.4166666666666667,11.666666666666666,16.5,6.25
7,7,20,1.5,9.666666666666666,15.833333333333334,8.166666666666666
7,7,21,8.166666666666666,10.333333333333334,15.5,7.416666666666667
7,7,22,12.5,11.416666666666666,14.583333333333334,7.333333333333333
7,7,23,11.416666666666666,9.416666666666666,12.916666666666666,6.75
7,8,0,6.416666666666667,8.416666666666666,12.0,6.0
7,8,1,6.916666666666667,8.916666666666666,11.666666666666666,6.166666666666667
7,8,2,9.916666666666666,9.166666666666666,11.0,5.083333333333333
7,8,3,10.916666666666666,9.833333333333334,10.083333333333334,5.0
7,8,4,11.727272727272727,9.0,11.0,5.0
7,8,5,11.75,9.0,11.0,5.0
7,8,6,9.75,8.916666666666666,11.0,5.0
7,8,7,8.583333333333334,8.916666666666666,11.0,5.0
7,8,8,7.333333333333333,9.0,11.083333333333334,5.0
7,8,9,3.5833333333333335,9.583333333333334,10.833333333333334,5.166666666666667
7,8,10,1.3333333333333333,11.75,10.333333333333334,10.083333333333334
7,8,11,1.5,12.916666666666666,8.333333333333334,12.916666666666666
7,8,12,0.5833333333333334,17.0,5.833333333333333,10.583333333333334
7,8,13,3.5,24.5,6.75,7.166666666666667
7,8,14,0.8333333333333334,16.166666666666668,5.333333333333333,1.1666666666666667
7,8,15,1.3333333333333333,14.5,10.333333333333334,0.8333333333333334
7,8,16,6.083333333333333,11.666666666666666,4.5,1.5
7,8,17,2.9166666666666665,13.0,1.3333333333333333,1.4166666666666667
7,8,18,1.1818181818181819,14.0,2.090909090909091,1.4545454545454546
7,8,19,0.3333333333333333,14.25,6.333333333333333,2.6666666666666665
7,8,20,0.25,15.25,6.166666666666667,1.4166666666666667
7,8,21,0.3333333333333333,12.833333333333334,2.5,0.75
7,8,22,1.75,11.25,0.16666666666666666,0.0
7,8,23,2.1666666666666665,7.25,2.75,0.16666666666666666
7,9,0,4.166666666666667,3.5833333333333335,3.25,0.0
7,9,1,4.333333333333333,2.1666666666666665,4.666666666666667,0.0
7,9,2,7.0,2.8333333333333335,3.0,0.0
7,9,3,9.666666666666666,2.0,3.0,0.0
7,9,4,9.583333333333334,1.3333333333333333,3.4166666666666665,0.5833333333333334
7,9,5,7.916666666666667,0.0,3.75,1.0
7,9,6,5.333333333333333,0.0,4.0,1.0
7,9,7,5.0,0.0,3.6666666666666665,1.0
7,9,8,3.5,0.0,3.0,1.0
7,9,9,1.0,0.8333333333333334,2.75,0.0
7,9,10,0.5833333333333334,1.5833333333333333,0.5833333333333334,2.5833333333333335
7,9,11,0.3333333333333333,5.083333333333333,0.9166666666666666,3.3333333333333335
7,9,12,1.0,9.5,6.083333333333333,3.75
7,9,13,1.5833333333333333,17.25,7.416666666666667,3.5
7,9,14,6.25,23.166666666666668,10.583333333333334,3.5
7,9,15,1.5,30.25,12.5,4.833333333333333
7,9,16,0.5,23.25,15.833333333333334,0.5833333333333334
7,9,17,0.25,16.25,14.916666666666666,10.083333333333334
7,9,18,4.833333333333333,11.416666666666666,18.0,15.333333333333334
7,9,19,1.5833333333333333,3.4166666666666665,21.0,10.75
7,9,20,1.1666666666666667,0.08333333333333333,24.666666666666668,1.0
7,9,21,2.1666666666666665,0.16666666666666666,23.916666666666668,3.8333333333333335
7,9,22,5.25,0.0,20.666666666666668,0.25
7,9,23,4.0,0.0,18.666666666666668,0.0
7,10,0,5.166666666666667,0.16666666666666666,19.0,0.0
7,10,1,6.0,1.0,19.833333333333332,0.0
7,10,2,6.0,1.0,20.666666666666668,0.0
7,10,3,6.0,1.0,21.0,0.0
7,10,4,6.0,1.0,21.0,0.08333333333333333
7,10,5,5.0,1.0,21.0,0.0
7,10,6,2.5,1.0833333333333333,21.5,0.0
7,10,7,1.1666666666666667,2.0,22.333333333333332,0.0
7,10,8,0.16666666666666666,1.6666666666666667,19.833333333333332,1.25
7,10,9,0.16666666666666666,0.8333333333333334,15.916666666666666,5.75
7,10,10,0.0,8.0,14.666666666666666,3.0
7,10,11,0.5,9.333333333333334,11.75,2.0
7,10,12,1.1666666666666667,12.083333333333334,11.833333333333334,3.1666666666666665
7,10,13,4.0,15.5,11.666666666666666,8.666666666666666
7,10,14,8.833333333333334,26.666666666666668,5.25,13.333333333333334
7,10,15,4.5,27.583333333333332,3.5833333333333335,13.0
7,10,16,2.25,28.666666666666668,6.75,11.333333333333334
7,10,17,3.5833333333333335,24.5,15.083333333333334,7.416666666666667
7,10,18,1.3333333333333333,26.333333333333332,26.083333333333332,5.583333333333333
7,10,19,2.0833333333333335,21.833333333333332,16.416666666666668,8.0
7,10,20,10.0,10.25,18.333333333333332,11.416666666666666
7,10,21,12.416666666666666,2.25,11.0,11.75
7,10,22,15.583333333333334,0.75,8.166666666666666,7.166666666666667
7,10,23,19.5,0.0,8.583333333333334,4.083333333333333
7,11,0,19.5,1.1666666666666667,9.0,5.0
7,11,1,22.416666666666668,2.0,9.0,5.0
7,11,2,22.083333333333332,2.0,9.0,5.0
7,11,3,21.083333333333332,2.0,7.833333333333333,5.0
7,11,4,21.0,2.0,8.0,5.0
7,11,5,20.75,2.25,8.0,5.0
7,11,6,18.166666666666668,3.25,9.5,5.166666666666667
7,11,7,13.0,4.666666666666667,9.916666666666666,6.25
7,11,8,6.0,5.333333333333333,7.666666666666667,8.583333333333334
7,11,9,0.16666666666666666,3.8333333333333335,3.5833333333333335,12.0
7,11,10,0.08333333333333333,1.0833333333333333,2.4166666666666665,13.5
7,11,11,1.75,0.3333333333333333,1.6666666666666667,10.5
7,11,12,4.75,5.416666666666667,1.6666666666666667,12.833333333333334
7,11,13,1.3333333333333333,6.333333333333333,1.0833333333333333,10.166666666666666
7,11,14,2.25,10.666666666666666,1.5833333333333333,8.583333333333334
7,11,15,3.4166666666666665,10.083333333333334,2.9166666666666665,3.1666666666666665
7,11,16,1.75,10.5,2.75,2.3333333333333335
7,11,17,5.75,11.833333333333334,7.583333333333333,0.0
7,11,18,5.916666666666667,12.0,8.416666666666666,0.0
7,11,19,4.416666666666667,12.0,7.583333333333333,0.4166666666666667
7,11,20,10.25,11.916666666666666,5.916666666666667,1.0833333333333333
7,11,21,20.583333333333332,11.0,6.75,0.5
7,11,22,21.916666666666668,10.25,5.083333333333333,0.0
7,11,23,19.333333333333332,10.0,6.0,0.0
7,12,0,20.818181818181817,10.0,5.090909090909091,0.0
7,12,1,21.0,10.0,5.0,0.0
7,12,2,22.583333333333332,10.0,5.0,0.0
7,12,3,23.5,10.0,5.0,0.0
7,12,4,23.90909090909091,10.0,5.0,0.0
7,12,5,23.0,10.0,5.0,0.0
7,12,6,21.083333333333332,9.833333333333334,5.5,0.5833333333333334
7,12,7,16.833333333333332,10.416666666666666,4.5,2.3333333333333335
7,12,8,11.166666666666666,10.5,0.75,9.833333333333334
7,12,9,3.75,8.833333333333334,5.333333333333333,10.5
7,12,10,1.9166666666666667,8.833333333333334,3.4166666666666665,8.333333333333334
7,12,11,0.0,7.416666666666667,1.0,6.0
7,12,12,3.0,8.166666666666666,1.5833333333333333,4.25
7,12,13,2.75,5.833333333333333,0.5,5.583333333333333
7,12,14,0.8333333333333334,5.75,0.0,9.333333333333334
7,12,15,1.4166666666666667,6.0,0.5,4.583333333333333
7,12,16,0.5833333333333334,12.333333333333334,4.333333333333333,1.0
7,12,17,2.0833333333333335,20.166666666666668,5.333333333333333,7.833333333333333
7,12,18,3.5,23.333333333333332,14.75,12.916666666666666
7,12,19,6.25,12.0,21.0,20.0
7,12,20,5.5,10.583333333333334,24.916666666666668,23.583333333333332
7,12,21,6.666666666666667,6.25,21.333333333333332,24.666666666666668
7,12,22,11.0,4.75,18.75,22.416666666666668
7,12,23,11.166666666666666,2.9166666666666665,18.166666666666668,20.25
7,13,0,10.25,3.0,19.0,19.833333333333332
7,13,1,11.5,1.25,14.833333333333334,19.0
7,13,2,11.833333333333334,0.0,14.0,19.0
7,13,3,12.583333333333334,0.0,14.0,19.0
7,13,4,11.833333333333334,0.0,14.0,19.0
7,13,5,10.416666666666666,0.25,14.0,19.0
7,13,6,8.0,1.1666666666666667,14.25,18.416666666666668
7,13,7,5.916666666666667,1.6666666666666667,15.75,20.25
7,13,8,2.0,1.5,14.166666666666666,22.083333333333332
7,13,9,0.75,4.5,9.833333333333334,17.583333333333332
7,13,10,0.4166666666666667,5.416666666666667,11.333333333333334,14.333333333333334
7,13,11,0.5,7.25,11.25,12.833333333333334
7,13,12,0.5,8.25,10.25,6.166666666666667
7,13,13,1.4166666666666667,9.25,9.833333333333334,4.916666666666667
7,13,14,1.3333333333333333,11.083333333333334,6.666666666666667,6.833333333333333
7,13,15,2.9166666666666665,11.583333333333334,7.666666666666667,6.166666666666667
7,13,16,7.25,13.166666666666666,8.083333333333334,4.916666666666667
7,13,17,7.416666666666667,13.833333333333334,8.0,5.0
7,13,18,8.833333333333334,13.0,8.75,3.9166666666666665
7,13,19,11.416666666666666,12.25,10.0,3.1666666666666665
7,13,20,10.916666666666666,12.0,10.666666666666666,4.0
7,13,21,8.416666666666666,12.0,11.916666666666666,3.4166666666666665
7,13,22,9.583333333333334,11.166666666666666,10.5,3.0
7,13,23,10.75,12.0,11.333333333333334,2.4166666666666665
7,14,0,12.916666666666666,12.0,13.0,2.0
7,14,1,13.0,12.0,13.0,2.0
7,14,2,13.583333333333334,12.0,13.0,2.0
7,14,3,15.583333333333334,12.0,13.0,2.0
7,14,4,16.0,12.0,13.75,2.0
7,14,5,14.333333333333334,12.0,14.0,2.0
7,14,6,11.5,12.333333333333334,15.166666666666666,1.5833333333333333
7,14,7,9.416666666666666,14.5,15.0,2.0
7,14,8,5.25,15.25,12.0,1.6666666666666667
7,14,9,0.25,18.25,6.916666666666667,2.1666666666666665
7,14,10,0.08333333333333333,19.0,3.75,0.3333333333333333
7,14,11,1.1666666666666667,20.833333333333332,2.5833333333333335,0.0
7,14,12,1.5833333333333333,15.5,1.25,0.5
7,14,13,1.0833333333333333,8.5,2.75,0.16666666666666666
7,14,14,2.6666666666666665,9.666666666666666,5.916666666666667,2.75
7,14,15,5.75,11.25,8.0,5.083333333333333
7,14,16,7.916666666666667,13.833333333333334,7.333333333333333,3.5833333333333335
7,14,17,1.25,19.75,12.666666666666666,3.75
7,14,18,1.75,19.916666666666668,13.083333333333334,5.0
7,14,19,7.0,19.75,15.75,4.666666666666667
7,14,20,3.857142857142857,12.285714285714286,17.714285714285715,5.285714285714286
7,14,21,2.6666666666666665,10.0,18.583333333333332,5.333333333333333
7,14,22,2.25,8.083333333333334,15.333333333333334,4.666666666666667
7,14,23,6.916666666666667,7.666666666666667,14.916666666666666,3.8333333333333335
7,15,0,8.75,7.583333333333333,15.5,3.0
7,15,1,13.0,7.833333333333333,13.5,1.8333333333333333
7,15,2,13.0,8.5,13.0,1.1666666666666667
7,15,3,11.583333333333334,10.0,12.0,3.0
7,15,4,9.3,10.0,12.9,3.0
7,15,5,6.25,10.0,13.0,3.0
7,15,6,6.583333333333333,10.0,13.333333333333334,3.0
7,15,7,5.0,9.416666666666666,14.0,3.0
7,15,8,5.0,9.0,15.0,3.3333333333333335
7,15,9,3.4166666666666665,10.166666666666666,15.333333333333334,4.166666666666667
7,15,10,1.8333333333333333,11.333333333333334,17.083333333333332,5.0
7,15,11,0.6666666666666666,16.166666666666668,17.75,4.0
7,15,12,1.1666666666666667,11.166666666666666,15.5,7.083333333333333
7,15,13,0.25,10.166666666666666,14.083333333333334,4.25
7,15,14,1.3333333333333333,10.166666666666666,17.833333333333332,4.333333333333333
7,15,15,0.25,9.166666666666666,20.25,8.0
7,15,16,1.6666666666666667,15.5,22.166666666666668,4.916666666666667
7,15,17,0.8333333333333334,22.833333333333332,24.5,3.3333333333333335
7,15,18,4.083333333333333,13.666666666666666,22.333333333333332,3.0833333333333335
7,15,19,2.1666666666666665,8.666666666666666,23.416666666666668,3.1666666666666665
7,15,20,0.16666666666666666,8.0,21.0,2.5833333333333335
7,15,21,2.0833333333333335,11.166666666666666,19.333333333333332,3.5833333333333335
7,15,22,2.0,5.083333333333333,17.25,3.5833333333333335
7,15,23,1.6666666666666667,1.9166666666666667,9.416666666666666,3.5833333333333335
7,16,0,1.5833333333333333,2.1666666666666665,1.0,1.1666666666666667
7,16,1,2.5833333333333335,0.0,1.4166666666666667,1.0
7,16,2,3.8333333333333335,0.0,3.4166666666666665,1.0
7,16,3,4.75,0.0,4.0,1.0
7,16,4,5.0,0.0,4.5,1.0
7,16,5,4.833333333333333,0.0,5.166666666666667,1.0
7,16,6,3.25,0.0,6.0,1.0
7,16,7,3.0,0.0,6.166666666666667,1.0
7,16,8,3.0,0.4166666666666667,7.166666666666667,2.0
7,16,9,2.4166666666666665,1.3333333333333333,7.583333333333333,1.1666666666666667
7,16,10,2.75,5.75,6.0,0.5
7,16,11,0.3333333333333333,15.25,6.333333333333333,0.6666666666666666
7,16,12,0.9166666666666666,20.583333333333332,12.0,1.9166666666666667
7,16,13,3.4166666666666665,21.083333333333332,19.333333333333332,7.0
7,16,14,4.333333333333333,33.583333333333336,20.0,7.833333333333333
7,16,15,7.166666666666667,26.0,17.333333333333332,4.166666666666667
7,16,16,4.75,30.333333333333332,10.916666666666666,9.916666666666666
7,16,17,5.333333333333333,17.083333333333332,1.9166666666666667,11.5
7,16,18,2.1666666666666665,2.25,2.1666666666666665,11.416666666666666
7,16,19,2.0,1.0,6.75,5.25
7,16,20,2.8333333333333335,0.75,3.9166666666666665,3.75
7,16,21,4.0,0.25,1.9166666666666667,1.5
7,16,22,11.333333333333334,0.5,0.25,2.4166666666666665
7,16,23,10.25,1.6666666666666667,0.0,4.916666666666667
7,17,0,10.166666666666666,2.0833333333333335,0.9166666666666666,4.5
7,17,1,11.166666666666666,1.9166666666666667,0.5833333333333334,5.0
7,17,2,12.0,1.0,0.0,5.0
7,17,3,12.0,1.0,0.0,5.0
7,17,4,12.0,1.0,0.0,5.0
7,17,5,11.333333333333334,1.0,0.08333333333333333,5.0
7,17,6,8.083333333333334,0.9166666666666666,1.0,4.833333333333333
7,17,7,3.1666666666666665,1.5,0.4166666666666667,5.25
7,17,8,0.9166666666666666,1.1666666666666667,0.16666666666666666,5.166666666666667
7,17,9,0.8333333333333334,0.25,0.08333333333333333,6.0
7,17,10,0.75,1.0,4.333333333333333,6.0
7,17,11,1.4166666666666667,0.25,8.916666666666666,8.0
7,17,12,2.6666666666666665,7.5,8.0,10.0
7,17,13,4.333333333333333,10.333333333333334,7.333333333333333,10.0
7,17,14,4.5,10.0,7.833333333333333,9.75
7,17,15,3.25,8.833333333333334,7.166666666666667,8.0
7,17,16,6.916666666666667,10.083333333333334,9.083333333333334,5.666666666666667
7,17,17,6.25,13.5,14.25,4.916666666666667
7,17,18,9.666666666666666,17.166666666666668,16.333333333333332,7.916666666666667
7,17,19,9.0,12.833333333333334,18.75,7.416666666666667
7,17,20,1.0833333333333333,7.75,14.583333333333334,9.75
7,17,21,1.5,8.5,13.666666666666666,9.25
7,17,22,3.8333333333333335,5.5,13.0,7.0
7,17,23,2.8333333333333335,5.0,13.0,7.666666666666667
7,18,0,4.333333333333333,5.0,13.25,8.0
7,18,1,4.0,5.166666666666667,14.666666666666666,8.0
7,18,2,5.583333333333333,5.0,14.0,8.0
7,18,3,6.0,5.0,14.0,8.0
7,18,4,6.0,5.0,14.0,8.0
7,18,5,6.0,5.0,14.333333333333334,8.0
7,18,6,4.5,5.083333333333333,15.75,8.25
7,18,7,0.5,6.25,12.75,9.333333333333334
7,18,8,3.75,7.416666666666667,8.916666666666666,10.75
7,18,9,0.5,6.25,5.083333333333333,14.166666666666666
7,18,10,0.5833333333333334,4.5,3.6666666666666665,15.916666666666666
7,18,11,1.25,6.416666666666667,1.9166666666666667,14.833333333333334
7,18,12,7.916666666666667,8.583333333333334,2.25,15.916666666666666
7,18,13,12.583333333333334,5.583333333333333,4.166666666666667,14.833333333333334
7,18,14,10.0,7.333333333333333,2.6666666666666665,14.666666666666666
7,18,15,5.444444444444445,3.6666666666666665,1.5555555555555556,7.555555555555555
7,18,16,0.8333333333333334,2.5,2.6666666666666665,10.0
7,18,17,1.4166666666666667,2.75,7.0,8.333333333333334
7,18,18,1.3333333333333333,4.5,11.333333333333334,11.0
7,18,19,4.0,5.666666666666667,13.166666666666666,14.0
7,18,20,7.25,6.666666666666667,15.083333333333334,11.0
7,18,21,5.0,2.5833333333333335,16.416666666666668,7.833333333333333
7,18,22,7.333333333333333,0.08333333333333333,13.583333333333334,7.416666666666667
7,18,23,5.25,0.0,12.25,9.0
7,19,0,8.5,0.0,12.0,9.0
7,19,1,10.083333333333334,0.0,12.0,9.0
7,19,2,10.0,0.0,12.0,9.0
7,19,3,9.833333333333334,0.0,12.0,9.0
7,19,4,9.0,0.0,12.0,9.0
7,19,5,9.0,0.0,12.0,9.833333333333334
7,19,6,8.75,0.0,11.916666666666666,10.583333333333334
7,19,7,2.8333333333333335,0.0,10.333333333333334,11.5
7,19,8,0.25,0.6666666666666666,7.583333333333333,14.583333333333334
7,19,9,0.5,0.75,6.333333333333333,17.583333333333332
7,19,10,1.5833333333333333,3.0,5.5,17.0
7,19,11,1.0,3.9166666666666665,7.75,16.833333333333332
7,19,12,0.5833333333333334,3.9166666666666665,8.583333333333334,14.416666666666666
7,19,13,2.0,3.5,6.166666666666667,15.0
7,19,14,1.5833333333333333,3.1666666666666665,8.416666666666666,17.75
7,19,15,1.3333333333333333,3.4166666666666665,9.25,15.25
7,19,16,2.1666666666666665,4.25,12.333333333333334,15.333333333333334
7,19,17,2.6666666666666665,6.166666666666667,16.416666666666668,13.5
7,19,18,2.9166666666666665,9.083333333333334,19.083333333333332,12.583333333333334
7,19,19,4.583333333333333,8.166666666666666,19.666666666666668,14.416666666666666
7,19,20,6.166666666666667,3.3333333333333335,20.083333333333332,12.25
7,19,21,9.0,2.75,21.583333333333332,12.916666666666666
7,19,22,15.583333333333334,2.3333333333333335,23.666666666666668,10.916666666666666
7,19,23,17.5,0.16666666666666666,23.5,10.666666666666666
7,20,0,15.666666666666666,0.0,23.666666666666668,11.0
7,20,1,13.0,0.0,24.083333333333332,11.0
7,20,2,13.0,0.0,25.0,11.0
7,20,3,14.25,0.0,25.0,11.0
7,20,4,14.909090909090908,0.0,25.0,11.0
7,20,5,13.272727272727273,0.0,25.0,11.0
7,20,6,12.166666666666666,0.0,26.0,11.083333333333334
7,20,7,9.0,1.0,25.833333333333332,12.583333333333334
7,20,8,4.416666666666667,0.4166666666666667,22.25,16.75
7,20,9,1.0833333333333333,1.0833333333333333,23.916666666666668,18.0
7,20,10,1.3333333333333333,2.0833333333333335,25.583333333333332,16.0
7,20,11,0.4166666666666667,2.1666666666666665,25.75,15.833333333333334
7,20,12,0.5833333333333334,1.75,17.5,12.25
7,20,13,1.4166666666666667,3.8333333333333335,8.5,8.333333333333334
7,20,14,3.4166666666666665,5.166666666666667,6.666666666666667,7.916666666666667
7,20,15,1.5833333333333333,10.583333333333334,10.166666666666666,7.583333333333333
7,20,16,3.5833333333333335,19.916666666666668,15.583333333333334,8.083333333333334
7,20,17,2.25,20.0,17.416666666666668,11.25
7,20,18,3.0833333333333335,22.666666666666668,20.916666666666668,13.833333333333334
7,20,19,2.75,18.416666666666668,20.5,12.583333333333334
7,20,20,8.166666666666666,9.0,16.0,14.083333333333334
7,20,21,14.833333333333334,6.083333333333333,12.833333333333334,5.0
7,20,22,15.916666666666666,5.833333333333333,10.583333333333334,6.416666666666667
7,20,23,17.25,4.083333333333333,11.0,5.666666666666667
7,21,0,15.166666666666666,4.083333333333333,11.416666666666666,6.0
7,21,1,13.916666666666666,5.0,12.0,6.0
7,21,2,12.333333333333334,5.0,12.0,6.0
7,21,3,12.0,5.0,12.0,6.0
7,21,4,12.0,5.0,12.0,6.0
7,21,5,11.333333333333334,5.0,12.0,6.0
7,21,6,9.5,5.416666666666667,13.0,5.75
7,21,7,2.25,6.0,10.583333333333334,5.666666666666667
7,21,8,0.16666666666666666,4.833333333333333,7.416666666666667,7.5
7,21,9,1.1666666666666667,4.333333333333333,4.666666666666667,6.583333333333333
7,21,10,1.25,6.583333333333333,5.5,5.083333333333333
7,21,11,0.6666666666666666,6.416666666666667,4.833333333333333,2.3333333333333335
7,21,12,0.16666666666666666,7.25,1.0833333333333333,2.9166666666666665
7,21,13,1.0833333333333333,5.75,3.3333333333333335,3.75
7,21,14,1.25,9.166666666666666,1.5833333333333333,4.5
7,21,15,1.5833333333333333,15.166666666666666,12.75,3.8333333333333335
7,21,16,3.4166666666666665,17.25,21.0,2.0833333333333335
7,21,17,6.333333333333333,14.416666666666666,14.833333333333334,3.6666666666666665
7,21,18,8.916666666666666,6.0,15.083333333333334,4.416666666666667
7,21,19,7.333333333333333,6.666666666666667,12.833333333333334,1.0833333333333333
7,21,20,0.6666666666666666,3.0833333333333335,15.333333333333334,3.5
7,21,21,3.25,2.3333333333333335,15.666666666666666,4.0
7,21,22,3.5,1.5833333333333333,15.833333333333334,2.0833333333333335
7,21,23,0.8333333333333334,1.9166666666666667,14.166666666666666,1.25
7,22,0,1.8333333333333333,2.0,12.666666666666666,1.0
7,22,1,3.0833333333333335,1.5,11.0,0.5833333333333334
7,22,2,5.166666666666667,0.08333333333333333,11.75,1.3333333333333333
7,22,3,5.333333333333333,0.0,12.833333333333334,1.9166666666666667
7,22,4,5.5,0.0,15.0,2.0
7,22,5,3.75,0.0,15.0,2.0
7,22,6,2.5,0.0,15.0,2.0
7,22,7,1.0,0.0,14.083333333333334,2.0
7,22,8,0.08333333333333333,0.0,13.666666666666666,1.9166666666666667
7,22,9,0.0,0.0,14.333333333333334,2.0833333333333335
7,22,10,0.3333333333333333,1.3333333333333333,13.416666666666666,2.0
7,22,11,0.25,2.0833333333333335,15.0,3.0
7,22,12,0.25,4.833333333333333,16.833333333333332,2.1666666666666665
7,22,13,0.8333333333333334,12.416666666666666,17.833333333333332,0.8333333333333334
7,22,14,0.16666666666666666,6.916666666666667,18.25,6.25
7,22,15,0.6666666666666666,5.0,13.5,7.333333333333333
7,22,16,3.5833333333333335,6.083333333333333,12.916666666666666,5.583333333333333
7,22,17,2.3333333333333335,3.1666666666666665,14.25,4.583333333333333
7,22,18,1.0,4.666666666666667,16.916666666666668,1.1666666666666667
7,22,19,0.16666666666666666,4.25,22.666666666666668,3.0833333333333335
7,22,20,0.25,10.833333333333334,21.416666666666668,3.3333333333333335
7,22,21,1.1666666666666667,14.083333333333334,22.833333333333332,2.6666666666666665
7,22,22,0.3333333333333333,18.416666666666668,17.75,2.25
7,22,23,0.5833333333333334,17.083333333333332,13.333333333333334,1.0
7,23,0,2.3333333333333335,13.666666666666666,10.583333333333334,1.0
7,23,1,5.916666666666667,13.25,9.0,1.0
7,23,2,8.5,14.0,9.75,1.0
7,23,3,13.166666666666666,14.0,10.583333333333334,1.0
7,23,4,11.916666666666666,14.0,11.166666666666666,1.0
7,23,5,10.090909090909092,13.454545454545455,12.0,1.0
7,23,6,9.25,13.0,12.0,1.0
7,23,7,8.166666666666666,12.666666666666666,12.0,1.0
7,23,8,7.916666666666667,12.0,12.916666666666666,1.0833333333333333
7,23,9,5.666666666666667,12.5,13.0,1.25
7,23,10,3.1666666666666665,13.416666666666666,10.916666666666666,1.8333333333333333
7,23,11,2.3333333333333335,12.583333333333334,14.333333333333334,2.8333333333333335
7,23,12,2.0,13.583333333333334,15.083333333333334,0.3333333333333333
7,23,13,2.25,19.166666666666668,12.333333333333334,3.5
7,23,14,0.6666666666666666,24.666666666666668,12.916666666666666,7.0
7,23,15,0.8333333333333334,20.666666666666668,11.416666666666666,12.333333333333334
7,23,16,3.6666666666666665,16.083333333333332,8.416666666666666,10.75
7,23,17,2.6666666666666665,18.75,14.416666666666666,13.416666666666666
7,23,18,1.4166666666666667,16.0,16.75,12.166666666666666
7,23,19,7.083333333333333,6.0,18.166666666666668,14.416666666666666
7,23,20,7.75,1.3333333333333333,17.166666666666668,13.916666666666666
7,23,21,10.0,0.6666666666666666,9.833333333333334,4.333333333333333
7,23,22,10.916666666666666,1.4166666666666667,7.916666666666667,4.083333333333333
7,23,23,10.0,0.5,10.5,1.5
7,24,0,9.166666666666666,0.08333333333333333,12.0,1.0
7,24,1,9.166666666666666,0.0,12.0,1.5
7,24,2,12.416666666666666,0.0,12.0,2.0
7,24,3,13.0,0.0,12.0,2.0
7,24,4,13.0,0.0,12.0,2.0
7,24,5,13.0,0.0,12.083333333333334,2.0
7,24,6,12.5,0.0,13.0,1.75
7,24,7,8.5,0.0,13.0,3.25
7,24,8,1.0833333333333333,0.0,12.583333333333334,5.0
7,24,9,0.16666666666666666,0.0,11.25,9.25
7,24,10,0.25,0.9166666666666666,10.833333333333334,8.833333333333334
7,24,11,0.08333333333333333,3.0,12.833333333333334,8.583333333333334
7,24,12,0.9166666666666666,4.333333333333333,8.833333333333334,9.25
7,24,13,0.9166666666666666,0.0,4.75,10.583333333333334
7,24,14,1.0,0.4166666666666667,1.0833333333333333,10.75
7,24,15,2.0833333333333335,1.0,1.3333333333333333,9.75
7,24,16,12.166666666666666,2.1666666666666665,8.5,8.833333333333334
7,24,17,13.166666666666666,5.583333333333333,16.583333333333332,9.0
7,24,18,11.333333333333334,7.75,17.25,8.083333333333334
7,24,19,12.083333333333334,6.416666666666667,15.166666666666666,8.916666666666666
7,24,20,10.25,11.833333333333334,11.833333333333334,9.583333333333334
7,24,21,15.5,12.416666666666666,8.916666666666666,8.0
7,24,22,16.666666666666668,11.25,9.833333333333334,9.0
7,24,23,17.916666666666668,10.166666666666666,11.583333333333334,9.0
7,25,0,17.166666666666668,9.0,12.0,11.0
7,25,1,17.0,9.0,11.75,10.333333333333334
7,25,2,17.0,9.0,11.0,10.0
7,25,3,17.0,9.0,11.0,10.0
7,25,4,17.0,9.0,11.0,10.0
7,25,5,16.416666666666668,9.0,11.166666666666666,10.0
7,25,6,14.166666666666666,9.0,12.166666666666666,9.5
7,25,7,9.75,8.833333333333334,10.916666666666666,11.333333333333334
7,25,8,4.916666666666667,7.333333333333333,8.583333333333334,15.0
7,25,9,3.0833333333333335,7.666666666666667,9.0,14.75
7,25,10,1.4166666666666667,8.0,10.0,13.666666666666666
7,25,11,1.5,11.416666666666666,9.666666666666666,14.166666666666666
7,25,12,0.8333333333333334,12.833333333333334,9.166666666666666,12.583333333333334
7,25,13,2.0833333333333335,15.333333333333334,9.416666666666666,12.0
7,25,14,5.416666666666667,16.0,9.75,11.25
7,25,15,11.333333333333334,15.0,9.916666666666666,11.583333333333334
7,25,16,16.5,14.5,10.833333333333334,10.583333333333334
7,25,17,11.25,16.333333333333332,16.583333333333332,7.75
7,25,18,5.666666666666667,18.75,16.583333333333332,2.75
7,25,19,6.083333333333333,13.333333333333334,16.0,3.9166666666666665
7,25,20,1.5833333333333333,1.6666666666666667,18.916666666666668,5.416666666666667
7,25,21,5.416666666666667,0.25,18.083333333333332,5.0
7,25,22,7.75,1.25,18.75,3.6666666666666665
7,25,23,8.75,0.6666666666666666,17.333333333333332,1.6666666666666667
7,26,0,3.9166666666666665,0.5,18.0,2.0
7,26,1,0.4166666666666667,2.0,18.0,2.0
7,26,2,0.16666666666666666,2.0,18.0,2.0
7,26,3,0.0,2.0,18.0,2.0
7,26,4,0.0,2.0,18.0,2.0
7,26,5,0.0,2.0,18.0,2.0
7,26,6,0.0,2.1666666666666665,18.0,2.3333333333333335
7,26,7,0.5,3.0,17.833333333333332,3.0
7,26,8,0.25,0.6666666666666666,14.583333333333334,4.5
7,26,9,0.3333333333333333,0.5833333333333334,11.333333333333334,4.833333333333333
7,26,10,0.08333333333333333,0.5,11.75,7.916666666666667
7,26,11,3.5833333333333335,3.25,12.75,13.666666666666666
7,26,12,1.3333333333333333,8.583333333333334,12.0,12.333333333333334
7,26,13,2.1666666666666665,16.333333333333332,10.833333333333334,13.25
7,26,14,3.6666666666666665,15.333333333333334,8.5,10.666666666666666
7,26,15,2.25,15.75,9.75,7.416666666666667
7,26,16,8.75,11.166666666666666,13.5,1.3333333333333333
7,26,17,1.5,18.25,11.416666666666666,5.916666666666667
7,26,18,2.5833333333333335,17.833333333333332,12.333333333333334,8.583333333333334
7,26,19,2.25,17.083333333333332,18.0,6.333333333333333
7,26,20,3.8333333333333335,10.916666666666666,18.333333333333332,5.583333333333333
7,26,21,5.666666666666667,6.333333333333333,13.583333333333334,13.583333333333334
7,26,22,5.25,3.8333333333333335,14.083333333333334,10.25
7,26,23,5.583333333333333,0.3333333333333333,13.166666666666666,9.333333333333334
7,27,0,8.0,0.0,14.166666666666666,8.833333333333334
7,27,1,8.5,0.0,17.25,8.916666666666666
7,27,2,10.5,0.25,18.0,9.0
7,27,3,11.0,0.0,18.0,9.0
7,27,4,11.0,0.0,18.0,9.0
7,27,5,10.666666666666666,0.0,18.083333333333332,9.0
7,27,6,6.916666666666667,0.0,19.0,9.0
7,27,7,4.416666666666667,0.9166666666666666,18.833333333333332,9.916666666666666
7,27,8,0.8333333333333334,0.25,10.833333333333334,10.0
7,27,9,1.1666666666666667,11.5,10.25,9.333333333333334
7,27,10,3.0,16.833333333333332,11.333333333333334,9.833333333333334
7,27,11,1.8333333333333333,24.416666666666668,10.25,10.666666666666666
7,27,12,1.3333333333333333,27.666666666666668,12.5,10.833333333333334
7,27,13,0.75,26.5,12.333333333333334,6.0
7,27,14,2.6666666666666665,30.333333333333332,12.333333333333334,1.4166666666666667
7,27,15,1.1666666666666667,27.333333333333332,13.25,4.333333333333333
7,27,16,3.5833333333333335,29.166666666666668,14.333333333333334,6.583333333333333
7,27,17,3.5833333333333335,35.25,17.916666666666668,6.666666666666667
7,27,18,1.1666666666666667,34.166666666666664,21.833333333333332,10.75
7,27,19,1.9166666666666667,24.583333333333332,25.25,12.583333333333334
7,27,20,5.583333333333333,11.166666666666666,33.916666666666664,8.333333333333334
7,27,21,5.0,2.25,30.0,2.4166666666666665
7,27,22,8.583333333333334,0.0,23.833333333333332,0.08333333333333333
7,27,23,11.0,0.0,22.0,0.0
7,28,17,5.0,18.77777777777778,3.4444444444444446,2.111111111111111
7,28,18,9.5,14.416666666666666,5.083333333333333,3.0833333333333335
7,28,19,8.5,10.333333333333334,4.416666666666667,5.833333333333333
7,28,20,5.833333333333333,7.25,6.083333333333333,3.3333333333333335
7,28,21,2.8333333333333335,8.0,4.583333333333333,1.9166666666666667
7,28,22,1.5,7.5,6.25,2.9166666666666665
7,28,23,3.5,7.333333333333333,7.083333333333333,4.0
7,29,0,5.454545454545454,8.0,8.0,4.0
7,29,1,4.833333333333333,8.0,11.416666666666666,4.0
7,29,2,4.333333333333333,7.416666666666667,13.0,4.0
7,29,3,6.0,7.0,13.75,4.0
7,29,4,5.083333333333333,7.0,15.5,4.916666666666667
7,29,5,5.0,7.0,16.0,5.0
7,29,6,4.833333333333333,7.0,15.25,5.0
7,29,7,4.0,7.0,15.0,5.166666666666667
7,29,8,4.0,10.083333333333334,13.833333333333334,4.75
7,29,9,3.6666666666666665,21.833333333333332,13.166666666666666,4.0
7,29,10,1.0833333333333333,15.75,12.333333333333334,3.0
7,29,11,0.75,16.5,13.5,1.25
7,29,12,1.3333333333333333,14.833333333333334,11.666666666666666,1.5833333333333333
7,29,13,1.4166666666666667,10.833333333333334,7.75,7.083333333333333
7,29,14,0.16666666666666666,8.916666666666666,9.083333333333334,2.8333333333333335
7,29,15,1.4166666666666667,8.416666666666666,15.833333333333334,4.0
7,29,16,8.5,11.166666666666666,14.083333333333334,8.25
7,29,17,8.333333333333334,11.333333333333334,19.666666666666668,9.25
7,29,18,6.25,15.0,21.416666666666668,8.166666666666666
7,29,19,0.4166666666666667,6.25,18.666666666666668,5.083333333333333
7,29,20,2.6666666666666665,4.583333333333333,19.666666666666668,4.75
7,29,21,3.1818181818181817,3.5454545454545454,19.636363636363637,5.363636363636363
7,29,22,3.8333333333333335,1.3333333333333333,16.333333333333332,2.6666666666666665
7,29,23,8.25,0.4166666666666667,6.333333333333333,2.0833333333333335
7,30,0,12.25,0.4166666666666667,7.166666666666667,4.166666666666667
7,30,1,11.75,0.0,7.916666666666667,4.083333333333333
7,30,2,12.833333333333334,0.0,9.5,3.25
7,30,3,11.5,0.0,10.0,2.9166666666666665
7,30,4,12.916666666666666,0.0,10.0,0.08333333333333333
7,30,5,13.272727272727273,0.0,9.090909090909092,0.0
7,30,6,14.0,0.0,9.0,0.0
7,30,7,13.833333333333334,0.0,9.0,0.0
7,30,8,12.916666666666666,0.0,8.083333333333334,0.0
7,30,9,11.416666666666666,1.5833333333333333,8.0,0.0
7,30,10,7.666666666666667,4.25,7.25,0.0
7,30,11,3.0,6.083333333333333,6.75,1.8333333333333333
7,30,12,1.0,19.083333333333332,10.583333333333334,6.25
7,30,13,3.1666666666666665,30.916666666666668,14.75,10.916666666666666
7,30,14,1.6666666666666667,41.083333333333336,10.25,7.916666666666667
7,30,15,1.1666666666666667,33.5,11.166666666666666,9.166666666666666
7,30,16,3.1666666666666665,18.5,7.25,6.5
7,30,17,3.9166666666666665,18.333333333333332,4.0,5.666666666666667
7,30,18,2.9166666666666665,12.75,3.5,8.0
7,30,19,2.0833333333333335,3.5833333333333335,3.6666666666666665,7.166666666666667
7,30,20,1.0833333333333333,1.5,4.583333333333333,9.75
7,30,21,1.5833333333333333,1.25,4.833333333333333,14.166666666666666
7,30,22,4.333333333333333,1.4166666666666667,1.0833333333333333,7.083333333333333
7,30,23,6.5,0.5833333333333334,1.1666666666666667,7.0
7,31,0,5.833333333333333,0.0,2.0,7.0
7,31,1,6.916666666666667,0.0,2.0,7.0
7,31,2,8.0,0.0,2.0,7.0
7,31,3,9.0,0.0,2.0,7.0
7,31,4,10.333333333333334,0.0,2.0,7.0
7,31,5,11.0,0.0,2.0,7.0
7,31,6,10.166666666666666,0.08333333333333333,2.75,6.833333333333333
7,31,7,9.25,1.0,0.9166666666666666,6.833333333333333
7,31,8,3.5833333333333335,0.4166666666666667,1.1666666666666667,7.0
7,31,9,0.25,0.25,0.16666666666666666,8.416666666666666
7,31,10,2.5,1.1666666666666667,0.25,6.5
7,31,11,2.1666666666666665,2.5,1.5,4.083333333333333
7,31,12,1.8333333333333333,2.1666666666666665,5.833333333333333,3.3333333333333335
7,31,13,3.25,4.0,3.9166666666666665,3.1666666666666665
7,31,14,4.083333333333333,3.5,3.25,1.1666666666666667
7,31,15,5.833333333333333,2.75,4.333333333333333,0.0
7,31,16,11.583333333333334,1.9166666666666667,8.833333333333334,0.08333333333333333
7,31,17,8.166666666666666,3.75,11.833333333333334,2.9166666666666665
7,31,18,1.3636363636363635,4.909090909090909,13.090909090909092,3.727272727272727
7,31,19,1.1666666666666667,9.25,13.083333333333334,6.333333333333333
7,31,20,0.6666666666666666,11.5,9.416666666666666,1.9166666666666667
7,31,21,3.4166666666666665,11.0,8.333333333333334,0.5833333333333334
7,31,22,4.666666666666667,6.083333333333333,8.583333333333334,1.3333333333333333
7,31,23,2.5,7.0,3.4166666666666665,0.16666666666666666