observation_date,DEXINUS
2020-11-09,74.0300
2020-11-10,74.3100
2020-11-11,
2020-11-12,74.6300
2020-11-13,74.5600
2020-11-16,74.4100
2020-11-17,74.4200
2020-11-18,74.1000
2020-11-19,74.1600
2020-11-20,74.1200
2020-11-23,74.2100
2020-11-24,74.0800
2020-11-25,73.7500
2020-11-26,
2020-11-27,
2020-11-30,74.0100
2020-12-01,73.5100
2020-12-02,73.7200
2020-12-03,73.8000
2020-12-04,73.7800
2020-12-07,73.8300
2020-12-08,73.6800
2020-12-09,73.7100
2020-12-10,73.7200
2020-12-11,73.7300
2020-12-14,73.6400
2020-12-15,73.5600
2020-12-16,73.6500
2020-12-17,73.5300
2020-12-18,73.5300
2020-12-21,74.0300
2020-12-22,73.8500
2020-12-23,73.7700
2020-12-24,
2020-12-25,
2020-12-28,73.5000
2020-12-29,73.3300
2020-12-30,73.1300
2020-12-31,73.0100
2021-01-01,
2021-01-04,73.0800
2021-01-05,73.1500
2021-01-06,73.1500
2021-01-07,73.4300
2021-01-08,73.3100
2021-01-11,73.5000
2021-01-12,73.2600
2021-01-13,73.0700
2021-01-14,73.1100
2021-01-15,73.0800
2021-01-18,
2021-01-19,73.2000
2021-01-20,
2021-01-21,72.9600
2021-01-22,72.9800
2021-01-25,73.0100
2021-01-26,72.9000
2021-01-27,73.0500
2021-01-28,72.9100
2021-01-29,72.8400
2021-02-01,73.1100
2021-02-02,72.9500
2021-02-03,72.8400
2021-02-04,72.9300
2021-02-05,72.8500
2021-02-08,72.9000
2021-02-09,72.8300
2021-02-10,72.8200
2021-02-11,72.6900
2021-02-12,72.6000
2021-02-15,
2021-02-16,72.8600
2021-02-17,72.8100
2021-02-18,72.6500
2021-02-19,72.5000
2021-02-22,72.4800
2021-02-23,72.4400
2021-02-24,72.3800
2021-02-25,72.7400
2021-02-26,73.9200
2021-03-01,73.4000
2021-03-02,73.2900
2021-03-03,72.8500
2021-03-04,72.7300
2021-03-05,73.2100
2021-03-08,73.3200
2021-03-09,72.8900
2021-03-10,72.8600
2021-03-11,72.6900
2021-03-12,72.7100
2021-03-15,72.5800
2021-03-16,72.5200
2021-03-17,72.5600
2021-03-18,72.6300
2021-03-19,72.4500
2021-03-22,72.3700
2021-03-23,72.5200
2021-03-24,72.5900
2021-03-25,72.6900
2021-03-26,72.6500
2021-03-29,72.7500
2021-03-30,73.4500
2021-03-31,73.1400
2021-04-01,73.3200
2021-04-02,73.3700
2021-04-05,73.2900
2021-04-06,73.4900
2021-04-07,74.3500
2021-04-08,74.5700
2021-04-09,74.7200
2021-04-12,75.0300
2021-04-13,75.2700
2021-04-14,75.0700
2021-04-15,74.8100
2021-04-16,74.4800
2021-04-19,74.8700
2021-04-20,75.3800
2021-04-21,75.4200
2021-04-22,75.1100
2021-04-23,74.9700
2021-04-26,74.7500
2021-04-27,74.5800
2021-04-28,74.4900
2021-04-29,74.0700
2021-04-30,74.0000
2021-05-03,73.8200
2021-05-04,73.8000
2021-05-05,73.8100
2021-05-06,73.6400
2021-05-07,73.2700
2021-05-10,73.4100
2021-05-11,73.3900
2021-05-12,73.5300
2021-05-13,73.4800
2021-05-14,73.2300
2021-05-17,73.3000
2021-05-18,73.0400
2021-05-19,73.2000
2021-05-20,73.0300
2021-05-21,72.8200
2021-05-24,72.8600
2021-05-25,72.7800
2021-05-26,72.7100
2021-05-27,72.5900
2021-05-28,72.4200
2021-05-31,
2021-06-01,72.8300
2021-06-02,72.9700
2021-06-03,73.0100
2021-06-04,72.8700
2021-06-07,72.8000
2021-06-08,72.9300
2021-06-09,72.9800
2021-06-10,73.1000
2021-06-11,73.2400
2021-06-14,73.1600
2021-06-15,73.3500
2021-06-16,73.3100
2021-06-17,74.1600
2021-06-18,74.1400
2021-06-21,74.1800
2021-06-22,74.3700
2021-06-23,74.1300
2021-06-24,74.1400
2021-06-25,74.1400
2021-06-28,74.2900
2021-06-29,74.2900
2021-06-30,74.3300
2021-07-01,74.5600
2021-07-02,74.5100
2021-07-05,
2021-07-06,74.5800
2021-07-07,74.8100
2021-07-08,74.7600
2021-07-09,74.5300
2021-07-12,74.5600
2021-07-13,74.5100
2021-07-14,74.5400
2021-07-15,74.5500
2021-07-16,74.6100
2021-07-19,74.8500
2021-07-20,74.6000
2021-07-21,74.4900
2021-07-22,74.4600
2021-07-23,74.4400
2021-07-26,74.3500
2021-07-27,74.5000
2021-07-28,74.5200
2021-07-29,74.2500
2021-07-30,74.3400
2021-08-02,74.3500
2021-08-03,74.2500
2021-08-04,74.1500
2021-08-05,74.1000
2021-08-06,74.1900
2021-08-09,74.3100
2021-08-10,74.5000
2021-08-11,74.2500
2021-08-12,74.3100
2021-08-13,74.2400
2021-08-16,74.1900
2021-08-17,74.3800
2021-08-18,74.2700
2021-08-19,74.3800
2021-08-20,74.3500
2021-08-23,74.1200
2021-08-24,74.1300
2021-08-25,74.2300
2021-08-26,74.1300
2021-08-27,73.4700
2021-08-30,73.2900
2021-08-31,72.9500
2021-09-01,72.9900
2021-09-02,72.9900
2021-09-03,72.9800
2021-09-06,
2021-09-07,73.4400
2021-09-08,73.8400
2021-09-09,73.5200
2021-09-10,73.5200
2021-09-13,73.5800
2021-09-14,73.6400
2021-09-15,73.4700
2021-09-16,73.5600
2021-09-17,73.6400
2021-09-20,73.6500
2021-09-21,73.7100
2021-09-22,73.8000
2021-09-23,73.7000
2021-09-24,73.8100
2021-09-27,73.8600
2021-09-28,74.2100
2021-09-29,74.2800
2021-09-30,74.1600
2021-10-01,74.1500
2021-10-04,74.4600
2021-10-05,74.5100
2021-10-06,74.8200
2021-10-07,74.8500
2021-10-08,75.0500
2021-10-11,
2021-10-12,75.4600
2021-10-13,75.3300
2021-10-14,75.1800
2021-10-15,74.9800
2021-10-18,75.3200
2021-10-19,75.0600
2021-10-20,74.8300
2021-10-21,74.8000
2021-10-22,74.8700
2021-10-25,75.0500
2021-10-26,74.9000
2021-10-27,75.0100
2021-10-28,74.7700
2021-10-29,75.0000
2021-11-01,74.8300
2021-11-02,74.6300
2021-11-03,74.5100
2021-11-04,74.5300
2021-11-05,74.2200
2021-11-08,73.9100
2021-11-09,74.1000
2021-11-10,74.2600
2021-11-11,
2021-11-12,74.4000
2021-11-15,74.3500
2021-11-16,74.4800
2021-11-17,74.2800
2021-11-18,74.2500
2021-11-19,74.2500
2021-11-22,74.3700
2021-11-23,74.4900
2021-11-24,74.5700
2021-11-25,
2021-11-26,74.8900
2021-11-29,75.1200
2021-11-30,75.1000
2021-12-01,74.8300
2021-12-02,74.8900
2021-12-03,75.2400
2021-12-06,75.3900
2021-12-07,75.4300
2021-12-08,75.4000
2021-12-09,75.5800
2021-12-10,75.6600
2021-12-13,75.7800
2021-12-14,75.9800
2021-12-15,76.3800
2021-12-16,76.1800
2021-12-17,75.9800
2021-12-20,75.8200
2021-12-21,75.6700
2021-12-22,75.4500
2021-12-23,75.0200
2021-12-24,
2021-12-27,74.9700
2021-12-28,74.6700
2021-12-29,74.5800
2021-12-30,74.3900
2021-12-31,
2022-01-03,74.3200
2022-01-04,74.5200
2022-01-05,74.3100
2022-01-06,74.4000
2022-01-07,74.2700
2022-01-10,74.0600
2022-01-11,73.8100
2022-01-12,73.7700
2022-01-13,73.9600
2022-01-14,74.0800
2022-01-17,
2022-01-18,74.5600
2022-01-19,74.3900
2022-01-20,74.3200
2022-01-21,74.2800
2022-01-24,74.7200
2022-01-25,74.7300
2022-01-26,74.8700
2022-01-27,75.1800
2022-01-28,75.0000
2022-01-31,74.6000
2022-02-01,74.7800
2022-02-02,74.7700
2022-02-03,74.7100
2022-02-04,74.6100
2022-02-07,74.6800
2022-02-08,74.7100
2022-02-09,74.8000
2022-02-10,75.0700
2022-02-11,75.3400
2022-02-14,75.6300
2022-02-15,75.2000
2022-02-16,75.0300
2022-02-17,75.0200
2022-02-18,74.6300
2022-02-21,
2022-02-22,74.6500
2022-02-23,74.6000
2022-02-24,75.6100
2022-02-25,75.0900
2022-02-28,75.4900
2022-03-01,75.7900
2022-03-02,75.6100
2022-03-03,75.9400
2022-03-04,76.4200
2022-03-07,76.9100
2022-03-08,77.0700
2022-03-09,76.3600
2022-03-10,76.3700
2022-03-11,76.4800
2022-03-14,76.4500
2022-03-15,76.4100
2022-03-16,76.1700
2022-03-17,75.9400
2022-03-18,76.0300
2022-03-21,76.1900
2022-03-22,76.0600
2022-03-23,76.4600
2022-03-24,76.1800
2022-03-25,76.2500
2022-03-28,76.0600
2022-03-29,75.5800
2022-03-30,75.7600
2022-03-31,75.8700
2022-04-01,75.9600
2022-04-04,75.4200
2022-04-05,75.3100
2022-04-06,75.9200
2022-04-07,75.9000
2022-04-08,75.9300
2022-04-11,75.8500
2022-04-12,76.0200
2022-04-13,76.1400
2022-04-14,76.1900
2022-04-15,76.3200
2022-04-18,76.2200
2022-04-19,76.3900
2022-04-20,76.2400
2022-04-21,76.2300
2022-04-22,76.4900
2022-04-25,76.7200
2022-04-26,76.6100
2022-04-27,76.6100
2022-04-28,76.6600
2022-04-29,76.4800
2022-05-02,76.4900
2022-05-03,76.4900
2022-05-04,76.2400
2022-05-05,76.5400
2022-05-06,76.9000
2022-05-09,77.4500
2022-05-10,77.3100
2022-05-11,77.2800
2022-05-12,77.3900
2022-05-13,77.4200
2022-05-16,77.8200
2022-05-17,77.4600
2022-05-18,77.7100
2022-05-19,77.4500
2022-05-20,77.7900
2022-05-23,77.5100
2022-05-24,77.5000
2022-05-25,77.5800
2022-05-26,77.6600
2022-05-27,77.5800
2022-05-30,
2022-05-31,77.5900
2022-06-01,77.5900
2022-06-02,77.4100
2022-06-03,77.5900
2022-06-06,77.8300
2022-06-07,77.6600
2022-06-08,77.6500
2022-06-09,77.8400
2022-06-10,78.0800
2022-06-13,78.0800
2022-06-14,78.0100
2022-06-15,78.1200
2022-06-16,78.0000
2022-06-17,78.0000
2022-06-20,
2022-06-21,78.0800
2022-06-22,78.2100
2022-06-23,78.1400
2022-06-24,78.2500
2022-06-27,78.4500
2022-06-28,78.9700
2022-06-29,78.9100
2022-06-30,79.0200
2022-07-01,78.8900
2022-07-04,
2022-07-05,79.2700
2022-07-06,79.0200
2022-07-07,79.1200
2022-07-08,79.2500
2022-07-11,79.4600
2022-07-12,79.4500
2022-07-13,79.6800
2022-07-14,79.9400
2022-07-15,79.7400
2022-07-18,79.9900
2022-07-19,79.8800
2022-07-20,79.9600
2022-07-21,79.8500
2022-07-22,79.8300
2022-07-25,79.7900
2022-07-26,79.8200
2022-07-27,79.9200
2022-07-28,79.6400
2022-07-29,79.3300
2022-08-01,78.9300
2022-08-02,78.4900
2022-08-03,79.1300
2022-08-04,79.2300
2022-08-05,79.3600
2022-08-08,79.5800
2022-08-09,79.6500
2022-08-10,79.0700
2022-08-11,79.5400
2022-08-12,79.6500
2022-08-15,79.4800
2022-08-16,79.3100
2022-08-17,79.4100
2022-08-18,79.6600
2022-08-19,79.8900
2022-08-22,79.8600
2022-08-23,79.8100
2022-08-24,79.8200
2022-08-25,79.9000
2022-08-26,79.8700
2022-08-29,79.9600
2022-08-30,79.6000
2022-08-31,79.4500
2022-09-01,79.6500
2022-09-02,79.7000
2022-09-05,
2022-09-06,79.8600
2022-09-07,79.8200
2022-09-08,79.7100
2022-09-09,79.6100
2022-09-12,79.3500
2022-09-13,79.4900
2022-09-14,79.4100
2022-09-15,79.8200
2022-09-16,79.6600
2022-09-19,79.7100
2022-09-20,79.7200
2022-09-21,79.9600
2022-09-22,81.0000
2022-09-23,81.1100
2022-09-26,81.6000
2022-09-27,81.6300
2022-09-28,81.6100
2022-09-29,81.5400
2022-09-30,81.3700
2022-10-03,81.5600
2022-10-04,81.4500
2022-10-05,81.5000
2022-10-06,82.0600
2022-10-07,82.3200
2022-10-10,
2022-10-11,82.2200
2022-10-12,82.2500
2022-10-13,82.2800
2022-10-14,82.2800
2022-10-17,82.1600
2022-10-18,82.2900
2022-10-19,82.9500
2022-10-20,82.6600
2022-10-21,82.5800
2022-10-24,82.6800
2022-10-25,82.4400
2022-10-26,82.7300
2022-10-27,82.3600
2022-10-28,82.3300
2022-10-31,82.7300
2022-11-01,82.6200
2022-11-02,82.7200
2022-11-03,82.7600
2022-11-04,82.0300
2022-11-07,81.9500
2022-11-08,81.2700
2022-11-09,81.2500
2022-11-10,80.7200
2022-11-11,
2022-11-14,80.9800
2022-11-15,80.9400
2022-11-16,81.4600
2022-11-17,81.6900
2022-11-18,81.7600
2022-11-21,81.6800
2022-11-22,81.6900
2022-11-23,81.7100
2022-11-24,
2022-11-25,81.7300
2022-11-28,81.6100
2022-11-29,81.6100
2022-11-30,81.4300
2022-12-01,81.1700
2022-12-02,81.4100
2022-12-05,81.7700
2022-12-06,82.4200
2022-12-07,82.3100
2022-12-08,82.2900
2022-12-09,82.4600
2022-12-12,82.6700
2022-12-13,82.4900
2022-12-14,82.5000
2022-12-15,82.7500
2022-12-16,82.7100
2022-12-19,82.6500
2022-12-20,82.5800
2022-12-21,82.8100
2022-12-22,82.9300
2022-12-23,82.8600
2022-12-26,
2022-12-27,82.8800
2022-12-28,82.7400
2022-12-29,82.8300
2022-12-30,82.7200
2023-01-02,
2023-01-03,82.8600
2023-01-04,82.7200
2023-01-05,82.5700
2023-01-06,82.7200
2023-01-09,82.3600
2023-01-10,81.6000
2023-01-11,81.6000
2023-01-12,81.1900
2023-01-13,81.3100
2023-01-16,
2023-01-17,81.5700
2023-01-18,81.3300
2023-01-19,81.2800
2023-01-20,80.9900
2023-01-23,81.4100
2023-01-24,81.5300
2023-01-25,81.4900
2023-01-26,81.5900
2023-01-27,81.5400
2023-01-30,81.4700
2023-01-31,81.6900
2023-02-01,81.7300
2023-02-02,82.0300
2023-02-03,82.2100
2023-02-06,82.7700
2023-02-07,82.8100
2023-02-08,82.6500
2023-02-09,82.4400
2023-02-10,82.4700
2023-02-13,82.7200
2023-02-14,82.8600
2023-02-15,82.7800
2023-02-16,82.7400
2023-02-17,82.7300
2023-02-20,
2023-02-21,82.8500
2023-02-22,82.7800
2023-02-23,82.5900
2023-02-24,82.9700
2023-02-27,82.6900
2023-02-28,82.5700
2023-03-01,82.4300
2023-03-02,82.4100
2023-03-03,81.9800
2023-03-06,81.7700
2023-03-07,81.9300
2023-03-08,81.8600
2023-03-09,82.0200
2023-03-10,81.9300
2023-03-13,82.1900
2023-03-14,82.2500
2023-03-15,82.8400
2023-03-16,82.6300
2023-03-17,82.5600
2023-03-20,82.5500
2023-03-21,82.5900
2023-03-22,82.6600
2023-03-23,82.0700
2023-03-24,82.3400
2023-03-27,82.2400
2023-03-28,82.1700
2023-03-29,82.1800
2023-03-30,82.3400
2023-03-31,82.1900
2023-04-03,82.2400
2023-04-04,82.3300
2023-04-05,81.8900
2023-04-06,81.8600
2023-04-07,81.8500
2023-04-10,82.0100
2023-04-11,82.0400
2023-04-12,81.9800
2023-04-13,81.6500
2023-04-14,81.8800
2023-04-17,81.9800
2023-04-18,82.0800
2023-04-19,82.1800
2023-04-20,82.1000
2023-04-21,82.0600
2023-04-24,81.9000
2023-04-25,81.9200
2023-04-26,81.7400
2023-04-27,81.8400
2023-04-28,81.8400
2023-05-01,81.8400
2023-05-02,81.8900
2023-05-03,81.8300
2023-05-04,81.7300
2023-05-05,81.8100
2023-05-08,81.7800
2023-05-09,82.0400
2023-05-10,81.9400
2023-05-11,82.1300
2023-05-12,82.1700
2023-05-15,82.3000
2023-05-16,82.2600
2023-05-17,82.3900
2023-05-18,82.7700
2023-05-19,82.6500
2023-05-22,82.8300
2023-05-23,82.8400
2023-05-24,82.6600
2023-05-25,82.7600
2023-05-26,82.5800
2023-05-29,
2023-05-30,82.6700
2023-05-31,82.6800
2023-06-01,82.4100
2023-06-02,82.3500
2023-06-05,82.6700
2023-06-06,82.6100
2023-06-07,82.5000
2023-06-08,82.5700
2023-06-09,82.4600
2023-06-12,82.4300
2023-06-13,82.3800
2023-06-14,82.1000
2023-06-15,82.1800
2023-06-16,81.8900
2023-06-19,
2023-06-20,82.1100
2023-06-21,82.0400
2023-06-22,81.9300
2023-06-23,82.0100
2023-06-26,82.0000
2023-06-27,81.9800
2023-06-28,82.0000
2023-06-29,82.0500
2023-06-30,82.0600
2023-07-03,81.9600
2023-07-04,
2023-07-05,82.3400
2023-07-06,82.4900
2023-07-07,82.7400
2023-07-10,82.5700
2023-07-11,82.3900
2023-07-12,82.0300
2023-07-13,82.0400
2023-07-14,82.1600
2023-07-17,82.0300
2023-07-18,82.0300
2023-07-19,82.0900
2023-07-20,81.9900
2023-07-21,81.9900
2023-07-24,81.8100
2023-07-25,81.8700
2023-07-26,81.9900
2023-07-27,82.1500
2023-07-28,82.2200
2023-07-31,82.2400
2023-08-01,82.2500
2023-08-02,82.5800
2023-08-03,82.7400
2023-08-04,82.8300
2023-08-07,82.7500
2023-08-08,82.8500
2023-08-09,82.8400
2023-08-10,82.6900
2023-08-11,82.8700
2023-08-14,83.1700
2023-08-15,82.9400
2023-08-16,83.1900
2023-08-17,83.0900
2023-08-18,83.1400
2023-08-21,83.1000
2023-08-22,82.9400
2023-08-23,82.6900
2023-08-24,82.5700
2023-08-25,82.6400
2023-08-28,82.6000
2023-08-29,82.7000
2023-08-30,82.7300
2023-08-31,82.7800
2023-09-01,82.6900
2023-09-04,
2023-09-05,83.0300
2023-09-06,83.1400
2023-09-07,83.2100
2023-09-08,82.9300
2023-09-11,83.0300
2023-09-12,82.8600
2023-09-13,82.9300
2023-09-14,83.0200
2023-09-15,83.1500
2023-09-18,83.2700
2023-09-19,83.2700
2023-09-20,83.0700
2023-09-21,83.1100
2023-09-22,82.9500
2023-09-25,83.1100
2023-09-26,83.2400
2023-09-27,83.1800
2023-09-28,83.1300
2023-09-29,83.0800
2023-10-02,83.0400
2023-10-03,83.2200
2023-10-04,83.2500
2023-10-05,83.2400
2023-10-06,83.2500
2023-10-09,
2023-10-10,83.2500
2023-10-11,83.1800
2023-10-12,83.2800
2023-10-13,83.2600
2023-10-16,83.2800
2023-10-17,83.2200
2023-10-18,83.2500
2023-10-19,83.1000
2023-10-20,83.1400
2023-10-23,83.1900
2023-10-24,83.1900
2023-10-25,83.1800
2023-10-26,83.2400
2023-10-27,83.2700
2023-10-30,83.2500
2023-10-31,83.2600
2023-11-01,83.2400
2023-11-02,83.2200
2023-11-03,83.1400
2023-11-06,83.1900
2023-11-07,83.2200
2023-11-08,83.2800
2023-11-09,83.2500
2023-11-10,
2023-11-13,83.3200
2023-11-14,83.3200
2023-11-15,83.1100
2023-11-16,83.2200
2023-11-17,83.2500
2023-11-20,83.3300
2023-11-21,83.2600
2023-11-22,83.2900
2023-11-23,
2023-11-24,83.3400
2023-11-27,83.3400
2023-11-28,83.3300
2023-11-29,83.3100
2023-11-30,83.3600
2023-12-01,83.2700
2023-12-04,83.4000
2023-12-05,83.3300
2023-12-06,83.3200
2023-12-07,83.3200
2023-12-08,83.3800
2023-12-11,83.3800
2023-12-12,83.3700
2023-12-13,83.4000
2023-12-14,83.2800
2023-12-15,83.0200
2023-12-18,83.0400
2023-12-19,83.1800
2023-12-20,83.1400
2023-12-21,83.2700
2023-12-22,83.1200
2023-12-25,
2023-12-26,83.1700
2023-12-27,83.3500
2023-12-28,83.1500
2023-12-29,83.1900
2024-01-01,
2024-01-02,83.3100
2024-01-03,83.3000
2024-01-04,83.2100
2024-01-05,83.1600
2024-01-08,83.1300
2024-01-09,83.0900
2024-01-10,83.0100
2024-01-11,83.0300
2024-01-12,82.9200
2024-01-15,
2024-01-16,83.0500
2024-01-17,83.1400
2024-01-18,83.1500
2024-01-19,83.0900
2024-01-22,83.0800
2024-01-23,83.1500
2024-01-24,83.0900
2024-01-25,83.0800
2024-01-26,83.1100
2024-01-29,83.1200
2024-01-30,83.1100
2024-01-31,83.0200
2024-02-01,82.9500
2024-02-02,82.9200
2024-02-05,83.0400
2024-02-06,83.0300
2024-02-07,82.9700
2024-02-08,82.9700
2024-02-09,83.0000
2024-02-12,82.9500
2024-02-13,83.0600
2024-02-14,83.0200
2024-02-15,83.0000
2024-02-16,83.0200
2024-02-19,
2024-02-20,82.8800
2024-02-21,82.9600
2024-02-22,82.8600
2024-02-23,82.8600
2024-02-26,82.8500
2024-02-27,82.8800
2024-02-28,82.8800
2024-02-29,82.8700
2024-03-01,82.9100
2024-03-04,82.8800
2024-03-05,82.8600
2024-03-06,82.7800
2024-03-07,82.7800
2024-03-08,82.7300
2024-03-11,82.7200
2024-03-12,82.7700
2024-03-13,82.8100
2024-03-14,82.8200
2024-03-15,82.8600
2024-03-18,82.8900
2024-03-19,83.0100
2024-03-20,83.1800
2024-03-21,83.1500
2024-03-22,83.5300
2024-03-25,83.4200
2024-03-26,83.3200
2024-03-27,83.3400
2024-03-28,83.3500
2024-03-29,83.3400
2024-04-01,83.3600
2024-04-02,83.3200
2024-04-03,83.4300
2024-04-04,83.4400
2024-04-05,83.2900
2024-04-08,83.2500
2024-04-09,83.1800
2024-04-10,83.3700
2024-04-11,83.1900
2024-04-12,83.5900
2024-04-15,83.4800
2024-04-16,83.5400
2024-04-17,83.5400
2024-04-18,83.5300
2024-04-19,83.4600
2024-04-22,83.4700
2024-04-23,83.3600
2024-04-24,83.3400
2024-04-25,83.3100
2024-04-26,83.3800
2024-04-29,83.4600
2024-04-30,83.4400
2024-05-01,83.4500
2024-05-02,83.4400
2024-05-03,83.4300
2024-05-06,83.4800
2024-05-07,83.5100
2024-05-08,83.4500
2024-05-09,83.5100
2024-05-10,83.5400
2024-05-13,83.4800
2024-05-14,83.5000
2024-05-15,83.4600
2024-05-16,83.4600
2024-05-17,83.3400
2024-05-20,83.3400
2024-05-21,83.3100
2024-05-22,83.2600
2024-05-23,83.2700
2024-05-24,83.0900
2024-05-27,
2024-05-28,83.1600
2024-05-29,83.3300
2024-05-30,83.2800
2024-05-31,83.4300
2024-06-03,83.1400
2024-06-04,83.5200
2024-06-05,83.3700
2024-06-06,83.4700
2024-06-07,83.3800
2024-06-10,83.5000
2024-06-11,83.5000
2024-06-12,83.5700
2024-06-13,83.5200
2024-06-14,83.5400
2024-06-17,83.5200
2024-06-18,83.4200
2024-06-19,
2024-06-20,83.6200
2024-06-21,83.5300
2024-06-24,83.4200
2024-06-25,83.4000
2024-06-26,83.5500
2024-06-27,83.4400
2024-06-28,83.3300
2024-07-01,83.4400
2024-07-02,83.5000
2024-07-03,83.4800
2024-07-04,
2024-07-05,83.4700
2024-07-08,83.4500
2024-07-09,83.4700
2024-07-10,83.5000
2024-07-11,83.5700
2024-07-12,83.4800
2024-07-15,83.5500
2024-07-16,83.6000
2024-07-17,83.5500
2024-07-18,83.5800
2024-07-19,83.7000
2024-07-22,83.6500
2024-07-23,83.6800
2024-07-24,83.7200
2024-07-25,83.7000
2024-07-26,83.7000
2024-07-29,83.7500
2024-07-30,83.7000
2024-07-31,83.7300
2024-08-01,83.7000
2024-08-02,83.7900
2024-08-05,83.8300
2024-08-06,83.9100
2024-08-07,83.9600
2024-08-08,83.9500
2024-08-09,83.9200
2024-08-12,83.9200
2024-08-13,83.9700
2024-08-14,83.9100
2024-08-15,83.9400
2024-08-16,83.9500
2024-08-19,83.8200
2024-08-20,83.7900
2024-08-21,83.9300
2024-08-22,83.9300
2024-08-23,83.9100
2024-08-26,83.8700
2024-08-27,83.9100
2024-08-28,83.9000
2024-08-29,83.8400
2024-08-30,83.8300
2024-09-02,
2024-09-03,83.9400
2024-09-04,83.9500
2024-09-05,83.9600
2024-09-06,83.9100
2024-09-09,83.9300
2024-09-10,83.9500
2024-09-11,83.9500
2024-09-12,83.9200
2024-09-13,83.8800
2024-09-16,83.8900
2024-09-17,83.7500
2024-09-18,83.7500
2024-09-19,83.6800
2024-09-20,83.5700
2024-09-23,83.5300
2024-09-24,83.6600
2024-09-25,83.5600
2024-09-26,83.6000
2024-09-27,83.6800
2024-09-30,83.7600
2024-10-01,83.8100
2024-10-02,83.8100
2024-10-03,84.0000
2024-10-04,83.9900
2024-10-07,83.9600
2024-10-08,83.9500
2024-10-09,83.9300
2024-10-10,83.9400
2024-10-11,84.0800
2024-10-14,
2024-10-15,84.0400
2024-10-16,84.0100
2024-10-17,84.0400
2024-10-18,84.0300
2024-10-21,84.0700
2024-10-22,84.0600
2024-10-23,84.0600
2024-10-24,84.0500
2024-10-25,84.0600
2024-10-28,84.0500
2024-10-29,84.0400
2024-10-30,84.0700
2024-10-31,84.0600
2024-11-01,84.0300
2024-11-04,84.1100
2024-11-05,84.1000
2024-11-06,84.3100
2024-11-07,84.3700
2024-11-08,84.3400
2024-11-11,
2024-11-12,84.3800
2024-11-13,84.3900
2024-11-14,84.4200
2024-11-15,84.4100
2024-11-18,84.3700
2024-11-19,84.3600
2024-11-20,84.4100
2024-11-21,84.4800
2024-11-22,84.4400
2024-11-25,84.2400
2024-11-26,84.2700
2024-11-27,84.4100
2024-11-28,
2024-11-29,84.4800
2024-12-02,84.7400
2024-12-03,84.6800
2024-12-04,84.6900
2024-12-05,84.6800
2024-12-06,84.6700
2024-12-09,84.7200
2024-12-10,84.8400
2024-12-11,84.8000
2024-12-12,84.8400
2024-12-13,84.7800
2024-12-16,84.8900
2024-12-17,84.9100
2024-12-18,84.9500
2024-12-19,85.0900
2024-12-20,85.0200
2024-12-23,85.1000
2024-12-24,85.1400
2024-12-25,
2024-12-26,85.2500
2024-12-27,85.5300
2024-12-30,85.4700
2024-12-31,85.5500
2025-01-01,
2025-01-02,85.7500
2025-01-03,85.7500
2025-01-06,85.7000
2025-01-07,85.7400
2025-01-08,85.8900
2025-01-09,85.8700
2025-01-10,85.9600
2025-01-13,86.6900
2025-01-14,86.6300
2025-01-15,86.3700
2025-01-16,86.5700
2025-01-17,86.5500
2025-01-20,
2025-01-21,86.5800
2025-01-22,86.3400
2025-01-23,86.4200
2025-01-24,86.2000
2025-01-27,86.3400
2025-01-28,86.5200
2025-01-29,86.6100
2025-01-30,86.5500
2025-01-31,86.5400
2025-02-03,87.1900
2025-02-04,87.0600
2025-02-05,87.0800
2025-02-06,87.5700
2025-02-07,87.4300
2025-02-10,87.4500
2025-02-11,86.7600
2025-02-12,86.9000
2025-02-13,86.8900
2025-02-14,86.8200
2025-02-17,
2025-02-18,86.9600
2025-02-19,86.9600
2025-02-20,86.6500
2025-02-21,86.7000
2025-02-24,86.7200
2025-02-25,87.2000
2025-02-26,87.2000
2025-02-27,87.1700
2025-02-28,87.5000
2025-03-03,87.3500
2025-03-04,87.2600
2025-03-05,86.9500
2025-03-06,87.1100
2025-03-07,86.8800
2025-03-10,87.2700
2025-03-11,87.1600
2025-03-12,87.1600
2025-03-13,87.0000
2025-03-14,87.0000
2025-03-17,86.7900
2025-03-18,86.5000
2025-03-19,86.4300
2025-03-20,86.3100
2025-03-21,86.0100
2025-03-24,85.5600
2025-03-25,85.7700
2025-03-26,85.7100
2025-03-27,85.7900
2025-03-28,85.5100
2025-03-31,85.4300
2025-04-01,85.4600
2025-04-02,85.5200
2025-04-03,85.4400
2025-04-04,85.2400
2025-04-07,85.8500
2025-04-08,86.2400
2025-04-09,86.6400
2025-04-10,86.6900
2025-04-11,86.0600
2025-04-14,86.0200
2025-04-15,85.7600
2025-04-16,85.6700
2025-04-17,85.3700
2025-04-18,85.4300
2025-04-21,85.1800
2025-04-22,85.1900
2025-04-23,85.4200
2025-04-24,85.3000
2025-04-25,85.4300
2025-04-28,85.0200
2025-04-29,85.2700
2025-04-30,84.4900
2025-05-01,84.5800
2025-05-02,84.5000
2025-05-05,84.2700
2025-05-06,84.4500
2025-05-07,84.8200
2025-05-08,85.6700
2025-05-09,85.3800
2025-05-12,85.3800
2025-05-13,85.3500
2025-05-14,85.2900
2025-05-15,85.5200
2025-05-16,85.4900
2025-05-19,85.3700
2025-05-20,85.6300
2025-05-21,85.6500
2025-05-22,85.9700
2025-05-23,85.1700
2025-05-26,
2025-05-27,85.3000
2025-05-28,85.3900
2025-05-29,85.4900
2025-05-30,85.5000
2025-06-02,85.3300
2025-06-03,85.5900
2025-06-04,85.8500
2025-06-05,85.8000
2025-06-06,85.6600
2025-06-09,85.6400
2025-06-10,85.5700
2025-06-11,85.5100
2025-06-12,85.5500
2025-06-13,86.0800
2025-06-16,86.0500
2025-06-17,86.2900
2025-06-18,86.4900
2025-06-19,
2025-06-20,86.5800
2025-06-23,86.7300
2025-06-24,85.9200
2025-06-25,86.0400
2025-06-26,85.6600
2025-06-27,85.4500
2025-06-30,85.7400
2025-07-01,85.5800
2025-07-02,85.7000
2025-07-03,85.3000
2025-07-04,
2025-07-07,85.8600
2025-07-08,85.7500
2025-07-09,85.6900
2025-07-10,85.6500
2025-07-11,85.8000
2025-07-14,85.9900
2025-07-15,85.8200
2025-07-16,85.9600
2025-07-17,86.0800
2025-07-18,86.1000
2025-07-21,86.3000
2025-07-22,86.3700
2025-07-23,86.4100
2025-07-24,86.3900
2025-07-25,86.4800
2025-07-28,86.6700
2025-07-29,86.8300
2025-07-30,87.4400
2025-07-31,87.6000
2025-08-01,87.5400
2025-08-04,87.6300
2025-08-05,87.8000
2025-08-06,87.7100
2025-08-07,87.7100
2025-08-08,87.6700
2025-08-11,87.6300
2025-08-12,87.7100
2025-08-13,87.4800
2025-08-14,87.5600
2025-08-15,87.5600
2025-08-18,87.3000
2025-08-19,87.0200
2025-08-20,87.0200
2025-08-21,87.3100
2025-08-22,87.5300
2025-08-25,87.5500
2025-08-26,87.6800
2025-08-27,87.7400
2025-08-28,87.6300
2025-08-29,88.1800
2025-09-01,
2025-09-02,88.1500
2025-09-03,88.0600
2025-09-04,88.1700
2025-09-05,88.2500
2025-09-08,88.2500
2025-09-09,88.1200
2025-09-10,88.0900
2025-09-11,88.4400
2025-09-12,88.2800
2025-09-15,88.2200
2025-09-16,88.0500
2025-09-17,87.7700
2025-09-18,88.1700
2025-09-19,88.0600
2025-09-22,88.2900
2025-09-23,88.7600
2025-09-24,88.7300
2025-09-25,88.7000
2025-09-26,88.6500
2025-09-29,88.7600
2025-09-30,88.7800
2025-10-01,88.6900
2025-10-02,88.7400
2025-10-03,88.7800
2025-10-06,88.7900
2025-10-07,88.7200
2025-10-08,88.7700
2025-10-09,88.8400
2025-10-10,88.7200
2025-10-13,
2025-10-14,88.7600
2025-10-15,87.9800
2025-10-16,87.8100
2025-10-17,87.9900
2025-10-20,87.9200
2025-10-21,87.9700
2025-10-22,87.9200
2025-10-23,87.8500
2025-10-24,87.8300
2025-10-27,88.2400
2025-10-28,88.2100
2025-10-29,88.2000
2025-10-30,88.6400
2025-10-31,88.7500
2025-11-03,88.7800
2025-11-04,88.6700
2025-11-05,88.6600
2025-11-06,88.6500
2025-11-07,88.6800
