id,start,end,tags,hours,hours_per_tag
417,2024-08-05 04:57:27,2024-08-05 05:07:50,communication,0.17305555555555555,0.08652777777777777
417,2024-08-05 04:57:27,2024-08-05 05:07:50,ttv,0.17305555555555555,0.08652777777777777
416,2024-08-05 05:28:06,2024-08-05 05:55:08,communication,0.45055555555555554,0.22527777777777777
416,2024-08-05 05:28:06,2024-08-05 05:55:08,ttv,0.45055555555555554,0.22527777777777777
415,2024-08-05 05:59:46,2024-08-05 06:13:10,course registrations,0.22333333333333333,0.11166666666666666
415,2024-08-05 05:59:46,2024-08-05 06:13:10,ttv,0.22333333333333333,0.11166666666666666
414,2024-08-05 06:47:29,2024-08-05 07:04:02,course registrations,0.2758333333333333,0.13791666666666666
414,2024-08-05 06:47:29,2024-08-05 07:04:02,ttv,0.2758333333333333,0.13791666666666666
413,2024-08-05 07:28:16,2024-08-05 07:41:59,daily planning,0.2286111111111111,0.11430555555555555
413,2024-08-05 07:28:16,2024-08-05 07:41:59,ttv,0.2286111111111111,0.11430555555555555
412,2024-08-05 07:42:16,2024-08-05 08:04:02,communication,0.36277777777777775,0.18138888888888888
412,2024-08-05 07:42:16,2024-08-05 08:04:02,ttv,0.36277777777777775,0.18138888888888888
411,2024-08-05 09:41:32,2024-08-05 10:15:16,communication,0.5622222222222222,0.2811111111111111
411,2024-08-05 09:41:32,2024-08-05 10:15:16,ttv,0.5622222222222222,0.2811111111111111
410,2024-08-05 10:22:19,2024-08-05 10:29:29,course planning,0.11944444444444445,0.03981481481481482
410,2024-08-05 10:22:19,2024-08-05 10:29:29,tic,0.11944444444444445,0.03981481481481482
410,2024-08-05 10:22:19,2024-08-05 10:29:29,ttv,0.11944444444444445,0.03981481481481482
409,2024-08-05 10:29:33,2024-08-05 10:40:55,reportronic,0.18944444444444444,0.09472222222222222
409,2024-08-05 10:29:33,2024-08-05 10:40:55,ttv,0.18944444444444444,0.09472222222222222
408,2024-08-05 11:17:51,2024-08-05 11:18:36,communication,0.0125,0.00625
408,2024-08-05 11:17:51,2024-08-05 11:18:36,ttv,0.0125,0.00625
407,2024-08-05 14:15:19,2024-08-05 14:56:23,reportronic,0.6844444444444444,0.3422222222222222
407,2024-08-05 14:15:19,2024-08-05 14:56:23,ttv,0.6844444444444444,0.3422222222222222
406,2024-08-06 06:18:55,2024-08-06 06:45:48,communication,0.44805555555555554,0.22402777777777777
406,2024-08-06 06:18:55,2024-08-06 06:45:48,ttv,0.44805555555555554,0.22402777777777777
405,2024-08-06 06:46:28,2024-08-06 07:09:46,e-ahot tic,0.3883333333333333,0.19416666666666665
405,2024-08-06 06:46:28,2024-08-06 07:09:46,tic,0.3883333333333333,0.19416666666666665
404,2024-08-06 07:11:18,2024-08-06 07:26:31,course registrations,0.2536111111111111,0.12680555555555556
404,2024-08-06 07:11:18,2024-08-06 07:26:31,ttv,0.2536111111111111,0.12680555555555556
403,2024-08-06 09:51:02,2024-08-06 09:55:17,communication,0.07083333333333333,0.035416666666666666
403,2024-08-06 09:51:02,2024-08-06 09:55:17,ttv,0.07083333333333333,0.035416666666666666
402,2024-08-06 09:55:24,2024-08-06 10:58:13,rahoituspalaveri,1.0469444444444445,0.5234722222222222
402,2024-08-06 09:55:24,2024-08-06 10:58:13,ttv,1.0469444444444445,0.5234722222222222
401,2024-08-07 05:08:17,2024-08-07 05:23:15,communication,0.24944444444444444,0.12472222222222222
401,2024-08-07 05:08:17,2024-08-07 05:23:15,ttv,0.24944444444444444,0.12472222222222222
400,2024-08-07 05:23:17,2024-08-07 05:35:33,course registrations,0.20444444444444446,0.10222222222222223
400,2024-08-07 05:23:17,2024-08-07 05:35:33,ttv,0.20444444444444446,0.10222222222222223
399,2024-08-07 05:35:38,2024-08-07 05:50:41,communication,0.25083333333333335,0.12541666666666668
399,2024-08-07 05:35:38,2024-08-07 05:50:41,ttv,0.25083333333333335,0.12541666666666668
398,2024-08-07 06:13:48,2024-08-07 07:00:56,communication,0.7855555555555556,0.3927777777777778
398,2024-08-07 06:13:48,2024-08-07 07:00:56,ttv,0.7855555555555556,0.3927777777777778
397,2024-08-07 07:17:00,2024-08-07 07:24:19,e-ahot tic,0.12194444444444444,0.06097222222222222
397,2024-08-07 07:17:00,2024-08-07 07:24:19,tic,0.12194444444444444,0.06097222222222222
396,2024-08-08 06:11:29,2024-08-08 06:24:24,communication,0.2152777777777778,0.1076388888888889
396,2024-08-08 06:11:29,2024-08-08 06:24:24,ttv,0.2152777777777778,0.1076388888888889
395,2024-08-08 06:24:42,2024-08-08 06:25:54,communication,0.02,0.01
395,2024-08-08 06:24:42,2024-08-08 06:25:54,ttv,0.02,0.01
394,2024-08-08 06:25:57,2024-08-08 06:31:18,course registrations,0.08916666666666667,0.044583333333333336
394,2024-08-08 06:25:57,2024-08-08 06:31:18,ttv,0.08916666666666667,0.044583333333333336
393,2024-08-08 06:40:00,2024-08-08 06:45:03,mat lähtötasotesti,0.08416666666666667,0.042083333333333334
393,2024-08-08 06:40:00,2024-08-08 06:45:03,ttv,0.08416666666666667,0.042083333333333334
392,2024-08-08 06:45:13,2024-08-08 06:50:16,mat lähtötasotesti,0.08416666666666667,0.042083333333333334
392,2024-08-08 06:45:13,2024-08-08 06:50:16,tic,0.08416666666666667,0.042083333333333334
391,2024-08-08 09:53:49,2024-08-08 10:09:12,communication,0.2563888888888889,0.12819444444444444
391,2024-08-08 09:53:49,2024-08-08 10:09:12,ttv,0.2563888888888889,0.12819444444444444
390,2024-08-08 10:10:02,2024-08-08 10:30:09,course planning,0.3352777777777778,0.11175925925925927
390,2024-08-08 10:10:02,2024-08-08 10:30:09,tic,0.3352777777777778,0.11175925925925927
390,2024-08-08 10:10:02,2024-08-08 10:30:09,ttv,0.3352777777777778,0.11175925925925927
389,2024-08-09 05:00:13,2024-08-09 05:02:01,communication,0.03,0.015
389,2024-08-09 05:00:13,2024-08-09 05:02:01,ttv,0.03,0.015
388,2024-08-09 05:02:03,2024-08-09 05:29:19,course registrations,0.45444444444444443,0.22722222222222221
388,2024-08-09 05:02:03,2024-08-09 05:29:19,ttv,0.45444444444444443,0.22722222222222221
387,2024-08-09 05:49:10,2024-08-09 06:45:10,course planning,0.9333333333333333,0.3111111111111111
387,2024-08-09 05:49:10,2024-08-09 06:45:10,tic,0.9333333333333333,0.3111111111111111
387,2024-08-09 05:49:10,2024-08-09 06:45:10,ttv,0.9333333333333333,0.3111111111111111
386,2024-08-12 05:01:23,2024-08-12 05:10:25,communication,0.15055555555555555,0.07527777777777778
386,2024-08-12 05:01:23,2024-08-12 05:10:25,ttv,0.15055555555555555,0.07527777777777778
385,2024-08-12 05:19:43,2024-08-12 05:31:18,course registrations,0.19305555555555556,0.09652777777777778
385,2024-08-12 05:19:43,2024-08-12 05:31:18,ttv,0.19305555555555556,0.09652777777777778
384,2024-08-12 06:05:59,2024-08-12 06:58:38,tic,0.8775,0.219375
384,2024-08-12 06:05:59,2024-08-12 06:58:38,ttv,0.8775,0.219375
384,2024-08-12 06:05:59,2024-08-12 06:58:38,valintakoe - windows vm,0.8775,0.219375
384,2024-08-12 06:05:59,2024-08-12 06:58:38,yfs,0.8775,0.219375
383,2024-08-12 08:40:35,2024-08-12 09:19:34,mat lähtötasotesti,0.6497222222222222,0.3248611111111111
383,2024-08-12 08:40:35,2024-08-12 09:19:34,ttv,0.6497222222222222,0.3248611111111111
382,2024-08-13 06:29:11,2024-08-13 08:17:07,communication,1.798888888888889,0.8994444444444445
382,2024-08-13 06:29:11,2024-08-13 08:17:07,ttv,1.798888888888889,0.8994444444444445
381,2024-08-13 09:37:09,2024-08-13 10:03:30,course registrations,0.43916666666666665,0.21958333333333332
381,2024-08-13 09:37:09,2024-08-13 10:03:30,ttv,0.43916666666666665,0.21958333333333332
380,2024-08-13 10:05:13,2024-08-13 10:25:15,alatalo-llama-valintakoe,0.3338888888888889,0.16694444444444445
380,2024-08-13 10:05:13,2024-08-13 10:25:15,ttv,0.3338888888888889,0.16694444444444445
379,2024-08-13 12:15:00,2024-08-13 13:00:24,communication,0.7566666666666667,0.37833333333333335
379,2024-08-13 12:15:00,2024-08-13 13:00:24,ttv,0.7566666666666667,0.37833333333333335
378,2024-08-14 12:10:50,2024-08-14 14:35:13,course planning,2.406388888888889,0.8021296296296296
378,2024-08-14 12:10:50,2024-08-14 14:35:13,tic,2.406388888888889,0.8021296296296296
378,2024-08-14 12:10:50,2024-08-14 14:35:13,ttv,2.406388888888889,0.8021296296296296
377,2024-08-16 05:16:22,2024-08-16 05:44:45,communication,0.47305555555555556,0.23652777777777778
377,2024-08-16 05:16:22,2024-08-16 05:44:45,ttv,0.47305555555555556,0.23652777777777778
376,2024-08-16 05:44:47,2024-08-16 05:57:36,course registrations,0.2136111111111111,0.10680555555555556
376,2024-08-16 05:44:47,2024-08-16 05:57:36,ttv,0.2136111111111111,0.10680555555555556
375,2024-08-16 06:00:00,2024-08-16 06:30:02,pedacafe,0.5005555555555555,0.25027777777777777
375,2024-08-16 06:00:00,2024-08-16 06:30:02,ttv,0.5005555555555555,0.25027777777777777
374,2024-08-16 09:49:03,2024-08-16 11:35:47,rahankäyttöehdotus,1.778888888888889,0.8894444444444445
374,2024-08-16 09:49:03,2024-08-16 11:35:47,ttv,1.778888888888889,0.8894444444444445
373,2024-08-17 06:10:54,2024-08-17 07:09:56,sirpa moodle-test fix,0.9838888888888889,0.49194444444444446
373,2024-08-17 06:10:54,2024-08-17 07:09:56,ttv,0.9838888888888889,0.49194444444444446
372,2024-08-18 06:39:32,2024-08-18 07:47:55,communication,1.1397222222222223,0.5698611111111112
372,2024-08-18 06:39:32,2024-08-18 07:47:55,ttv,1.1397222222222223,0.5698611111111112
371,2024-08-18 07:48:05,2024-08-18 08:31:40,mat lähtötasotesti,0.7263888888888889,0.36319444444444443
371,2024-08-18 07:48:05,2024-08-18 08:31:40,tic,0.7263888888888889,0.36319444444444443
370,2024-08-18 10:33:59,2024-08-18 14:00:31,communication,3.442222222222222,1.721111111111111
370,2024-08-18 10:33:59,2024-08-18 14:00:31,ttv,3.442222222222222,1.721111111111111
369,2024-08-19 04:31:11,2024-08-19 05:30:24,communication,0.9869444444444444,0.4934722222222222
369,2024-08-19 04:31:11,2024-08-19 05:30:24,ttv,0.9869444444444444,0.4934722222222222
368,2024-08-19 05:50:33,2024-08-19 06:41:31,course registrations,0.8494444444444444,0.4247222222222222
368,2024-08-19 05:50:33,2024-08-19 06:41:31,ttv,0.8494444444444444,0.4247222222222222
367,2024-08-19 06:41:45,2024-08-19 07:00:00,moodle question bank bug,0.30416666666666664,0.15208333333333332
367,2024-08-19 06:41:45,2024-08-19 07:00:00,ttv,0.30416666666666664,0.15208333333333332
366,2024-08-19 07:26:03,2024-08-19 08:31:23,mat lähtötasotesti,1.0888888888888888,0.5444444444444444
366,2024-08-19 07:26:03,2024-08-19 08:31:23,tic,1.0888888888888888,0.5444444444444444
365,2024-08-19 09:35:24,2024-08-19 10:42:54,email cleaning,1.125,0.5625
365,2024-08-19 09:35:24,2024-08-19 10:42:54,ttv,1.125,0.5625
364,2024-08-19 12:31:31,2024-08-19 12:39:22,email cleaning,0.13083333333333333,0.06541666666666666
364,2024-08-19 12:31:31,2024-08-19 12:39:22,ttv,0.13083333333333333,0.06541666666666666
363,2024-08-20 05:23:00,2024-08-20 05:31:02,communication,0.1338888888888889,0.06694444444444445
363,2024-08-20 05:23:00,2024-08-20 05:31:02,ttv,0.1338888888888889,0.06694444444444445
362,2024-08-20 05:31:28,2024-08-20 05:57:53,course registrations,0.44027777777777777,0.22013888888888888
362,2024-08-20 05:31:28,2024-08-20 05:57:53,ttv,0.44027777777777777,0.22013888888888888
361,2024-08-20 06:31:35,2024-08-20 07:13:03,communication,0.6911111111111111,0.34555555555555556
361,2024-08-20 06:31:35,2024-08-20 07:13:03,ttv,0.6911111111111111,0.34555555555555556
360,2024-08-20 08:58:39,2024-08-20 09:42:15,communication,0.7266666666666667,0.36333333333333334
360,2024-08-20 08:58:39,2024-08-20 09:42:15,ttv,0.7266666666666667,0.36333333333333334
359,2024-08-20 09:50:34,2024-08-20 10:30:45,course planning,0.6697222222222222,0.22324074074074074
359,2024-08-20 09:50:34,2024-08-20 10:30:45,tic,0.6697222222222222,0.22324074074074074
359,2024-08-20 09:50:34,2024-08-20 10:30:45,ttv,0.6697222222222222,0.22324074074074074
358,2024-08-20 11:23:54,2024-08-20 13:05:15,course planning,1.6891666666666667,0.5630555555555555
358,2024-08-20 11:23:54,2024-08-20 13:05:15,tic,1.6891666666666667,0.5630555555555555
358,2024-08-20 11:23:54,2024-08-20 13:05:15,ttv,1.6891666666666667,0.5630555555555555
357,2024-08-21 05:16:35,2024-08-21 05:30:19,communication,0.2288888888888889,0.11444444444444445
357,2024-08-21 05:16:35,2024-08-21 05:30:19,ttv,0.2288888888888889,0.11444444444444445
356,2024-08-21 05:30:21,2024-08-21 05:50:30,course registrations,0.3358333333333333,0.16791666666666666
356,2024-08-21 05:30:21,2024-08-21 05:50:30,ttv,0.3358333333333333,0.16791666666666666
355,2024-08-21 05:51:06,2024-08-21 10:11:46,math wiki translation fi -> en,4.344444444444444,2.172222222222222
355,2024-08-21 05:51:06,2024-08-21 10:11:46,tic,4.344444444444444,2.172222222222222
354,2024-08-21 12:12:03,2024-08-21 14:49:13,math wiki translation fi -> en,2.6194444444444445,1.3097222222222222
354,2024-08-21 12:12:03,2024-08-21 14:49:13,tic,2.6194444444444445,1.3097222222222222
353,2024-08-22 06:19:56,2024-08-22 06:27:51,communication,0.13194444444444445,0.06597222222222222
353,2024-08-22 06:19:56,2024-08-22 06:27:51,ttv,0.13194444444444445,0.06597222222222222
352,2024-08-22 06:29:27,2024-08-22 07:29:29,tic,1.0005555555555556,0.5002777777777778
352,2024-08-22 06:29:27,2024-08-22 07:29:29,tic info session,1.0005555555555556,0.5002777777777778
351,2024-08-22 07:40:48,2024-08-22 08:27:30,course registrations,0.7783333333333333,0.38916666666666666
351,2024-08-22 07:40:48,2024-08-22 08:27:30,ttv,0.7783333333333333,0.38916666666666666
350,2024-08-22 09:09:20,2024-08-22 11:56:04,discrete: planning,2.778888888888889,0.9262962962962963
350,2024-08-22 09:09:20,2024-08-22 11:56:04,tic,2.778888888888889,0.9262962962962963
350,2024-08-22 09:09:20,2024-08-22 11:56:04,ttv,2.778888888888889,0.9262962962962963
349,2024-08-23 04:56:04,2024-08-23 05:48:17,communication,0.8702777777777778,0.4351388888888889
349,2024-08-23 04:56:04,2024-08-23 05:48:17,ttv,0.8702777777777778,0.4351388888888889
348,2024-08-23 05:56:40,2024-08-23 06:32:14,course registrations,0.5927777777777777,0.29638888888888887
348,2024-08-23 05:56:40,2024-08-23 06:32:14,ttv,0.5927777777777777,0.29638888888888887
347,2024-08-23 10:31:27,2024-08-23 11:18:39,course registrations,0.7866666666666666,0.3933333333333333
347,2024-08-23 10:31:27,2024-08-23 11:18:39,ttv,0.7866666666666666,0.3933333333333333
346,2024-08-23 11:18:52,2024-08-23 12:15:54,discrete: planning,0.9505555555555556,0.3168518518518519
346,2024-08-23 11:18:52,2024-08-23 12:15:54,tic,0.9505555555555556,0.3168518518518519
346,2024-08-23 11:18:52,2024-08-23 12:15:54,ttv,0.9505555555555556,0.3168518518518519
345,2024-08-23 12:25:48,2024-08-23 13:05:51,dan,0.6675,0.33375
345,2024-08-23 12:25:48,2024-08-23 13:05:51,dan: planning,0.6675,0.33375
344,2024-08-25 05:20:28,2024-08-25 05:49:59,discrete: planning,0.49194444444444446,0.16398148148148148
344,2024-08-25 05:20:28,2024-08-25 05:49:59,tic,0.49194444444444446,0.16398148148148148
344,2024-08-25 05:20:28,2024-08-25 05:49:59,ttv,0.49194444444444446,0.16398148148148148
343,2024-08-25 06:10:09,2024-08-25 06:45:24,discrete: planning,0.5875,0.19583333333333333
343,2024-08-25 06:10:09,2024-08-25 06:45:24,tic,0.5875,0.19583333333333333
343,2024-08-25 06:10:09,2024-08-25 06:45:24,ttv,0.5875,0.19583333333333333
342,2024-08-25 07:00:32,2024-08-25 07:27:38,discrete: planning,0.45166666666666666,0.15055555555555555
342,2024-08-25 07:00:32,2024-08-25 07:27:38,tic,0.45166666666666666,0.15055555555555555
342,2024-08-25 07:00:32,2024-08-25 07:27:38,ttv,0.45166666666666666,0.15055555555555555
341,2024-08-25 08:14:21,2024-08-25 08:46:29,discrete: planning,0.5355555555555556,0.17851851851851852
341,2024-08-25 08:14:21,2024-08-25 08:46:29,tic,0.5355555555555556,0.17851851851851852
341,2024-08-25 08:14:21,2024-08-25 08:46:29,ttv,0.5355555555555556,0.17851851851851852
340,2024-08-25 09:13:29,2024-08-25 10:03:00,discrete: planning,0.8252777777777778,0.2750925925925926
340,2024-08-25 09:13:29,2024-08-25 10:03:00,tic,0.8252777777777778,0.2750925925925926
340,2024-08-25 09:13:29,2024-08-25 10:03:00,ttv,0.8252777777777778,0.2750925925925926
339,2024-08-25 11:02:24,2024-08-25 11:46:00,discrete: planning,0.7266666666666667,0.24222222222222223
339,2024-08-25 11:02:24,2024-08-25 11:46:00,tic,0.7266666666666667,0.24222222222222223
339,2024-08-25 11:02:24,2024-08-25 11:46:00,ttv,0.7266666666666667,0.24222222222222223
338,2024-08-25 12:42:12,2024-08-25 13:26:49,discrete: planning,0.7436111111111111,0.24787037037037038
338,2024-08-25 12:42:12,2024-08-25 13:26:49,tic,0.7436111111111111,0.24787037037037038
338,2024-08-25 12:42:12,2024-08-25 13:26:49,ttv,0.7436111111111111,0.24787037037037038
337,2024-08-25 13:43:55,2024-08-25 14:29:07,discrete: planning,0.7533333333333333,0.2511111111111111
337,2024-08-25 13:43:55,2024-08-25 14:29:07,tic,0.7533333333333333,0.2511111111111111
337,2024-08-25 13:43:55,2024-08-25 14:29:07,ttv,0.7533333333333333,0.2511111111111111
336,2024-08-25 14:41:03,2024-08-25 15:16:06,discrete: planning,0.5841666666666666,0.1947222222222222
336,2024-08-25 14:41:03,2024-08-25 15:16:06,tic,0.5841666666666666,0.1947222222222222
336,2024-08-25 14:41:03,2024-08-25 15:16:06,ttv,0.5841666666666666,0.1947222222222222
335,2024-08-25 15:16:08,2024-08-25 15:20:03,communication,0.06527777777777778,0.03263888888888889
335,2024-08-25 15:16:08,2024-08-25 15:20:03,ttv,0.06527777777777778,0.03263888888888889
334,2024-08-26 04:41:46,2024-08-26 04:52:01,communication,0.17083333333333334,0.08541666666666667
334,2024-08-26 04:41:46,2024-08-26 04:52:01,ttv,0.17083333333333334,0.08541666666666667
333,2024-08-26 04:52:06,2024-08-26 05:29:59,discrete: planning,0.6313888888888889,0.21046296296296296
333,2024-08-26 04:52:06,2024-08-26 05:29:59,tic,0.6313888888888889,0.21046296296296296
333,2024-08-26 04:52:06,2024-08-26 05:29:59,ttv,0.6313888888888889,0.21046296296296296
332,2024-08-26 05:44:10,2024-08-26 06:11:51,discrete: planning,0.4613888888888889,0.1537962962962963
332,2024-08-26 05:44:10,2024-08-26 06:11:51,tic,0.4613888888888889,0.1537962962962963
332,2024-08-26 05:44:10,2024-08-26 06:11:51,ttv,0.4613888888888889,0.1537962962962963
331,2024-08-26 06:11:52,2024-08-26 06:13:55,communication,0.034166666666666665,0.017083333333333332
331,2024-08-26 06:11:52,2024-08-26 06:13:55,ttv,0.034166666666666665,0.017083333333333332
330,2024-08-26 06:22:30,2024-08-26 06:56:33,discrete: planning,0.5675,0.18916666666666668
330,2024-08-26 06:22:30,2024-08-26 06:56:33,tic,0.5675,0.18916666666666668
330,2024-08-26 06:22:30,2024-08-26 06:56:33,ttv,0.5675,0.18916666666666668
329,2024-08-26 07:07:31,2024-08-26 08:03:25,discrete: planning,0.9316666666666666,0.31055555555555553
329,2024-08-26 07:07:31,2024-08-26 08:03:25,tic,0.9316666666666666,0.31055555555555553
329,2024-08-26 07:07:31,2024-08-26 08:03:25,ttv,0.9316666666666666,0.31055555555555553
328,2024-08-26 08:14:01,2024-08-26 08:54:14,discrete: planning,0.6702777777777778,0.22342592592592592
328,2024-08-26 08:14:01,2024-08-26 08:54:14,tic,0.6702777777777778,0.22342592592592592
328,2024-08-26 08:14:01,2024-08-26 08:54:14,ttv,0.6702777777777778,0.22342592592592592
327,2024-08-26 09:15:25,2024-08-26 10:26:58,discrete: planning,1.1925,0.39749999999999996
327,2024-08-26 09:15:25,2024-08-26 10:26:58,tic,1.1925,0.39749999999999996
327,2024-08-26 09:15:25,2024-08-26 10:26:58,ttv,1.1925,0.39749999999999996
326,2024-08-26 10:56:00,2024-08-26 11:32:12,discrete: planning,0.6033333333333334,0.20111111111111113
326,2024-08-26 10:56:00,2024-08-26 11:32:12,tic,0.6033333333333334,0.20111111111111113
326,2024-08-26 10:56:00,2024-08-26 11:32:12,ttv,0.6033333333333334,0.20111111111111113
325,2024-08-26 11:40:13,2024-08-26 12:43:28,discrete: planning,1.0541666666666667,0.3513888888888889
325,2024-08-26 11:40:13,2024-08-26 12:43:28,tic,1.0541666666666667,0.3513888888888889
325,2024-08-26 11:40:13,2024-08-26 12:43:28,ttv,1.0541666666666667,0.3513888888888889
324,2024-08-26 13:03:40,2024-08-26 14:10:37,discrete: planning,1.1158333333333332,0.3719444444444444
324,2024-08-26 13:03:40,2024-08-26 14:10:37,tic,1.1158333333333332,0.3719444444444444
324,2024-08-26 13:03:40,2024-08-26 14:10:37,ttv,1.1158333333333332,0.3719444444444444
323,2024-08-26 14:12:37,2024-08-26 15:25:11,discrete: planning,1.2094444444444445,0.4031481481481482
323,2024-08-26 14:12:37,2024-08-26 15:25:11,tic,1.2094444444444445,0.4031481481481482
323,2024-08-26 14:12:37,2024-08-26 15:25:11,ttv,1.2094444444444445,0.4031481481481482
322,2024-08-27 05:06:14,2024-08-27 05:13:01,communication,0.11305555555555556,0.05652777777777778
322,2024-08-27 05:06:14,2024-08-27 05:13:01,ttv,0.11305555555555556,0.05652777777777778
321,2024-08-27 05:13:04,2024-08-27 05:23:34,discrete: planning,0.175,0.05833333333333333
321,2024-08-27 05:13:04,2024-08-27 05:23:34,tic,0.175,0.05833333333333333
321,2024-08-27 05:13:04,2024-08-27 05:23:34,ttv,0.175,0.05833333333333333
320,2024-08-27 05:23:36,2024-08-27 06:05:17,communication,0.6947222222222222,0.3473611111111111
320,2024-08-27 05:23:36,2024-08-27 06:05:17,ttv,0.6947222222222222,0.3473611111111111
319,2024-08-27 06:12:41,2024-08-27 06:47:45,discrete: teaching fi,0.5844444444444444,0.2922222222222222
319,2024-08-27 06:12:41,2024-08-27 06:47:45,ttv,0.5844444444444444,0.2922222222222222
318,2024-08-27 06:52:43,2024-08-27 07:12:45,discrete: planning,0.3338888888888889,0.1112962962962963
318,2024-08-27 06:52:43,2024-08-27 07:12:45,tic,0.3338888888888889,0.1112962962962963
318,2024-08-27 06:52:43,2024-08-27 07:12:45,ttv,0.3338888888888889,0.1112962962962963
317,2024-08-27 07:39:52,2024-08-27 07:59:42,communication,0.33055555555555555,0.16527777777777777
317,2024-08-27 07:39:52,2024-08-27 07:59:42,ttv,0.33055555555555555,0.16527777777777777
316,2024-08-27 07:59:45,2024-08-27 08:48:23,dan,0.8105555555555556,0.4052777777777778
316,2024-08-27 07:59:45,2024-08-27 08:48:23,dan: planning,0.8105555555555556,0.4052777777777778
315,2024-08-27 08:48:26,2024-08-27 09:02:50,course registrations,0.24,0.12
315,2024-08-27 08:48:26,2024-08-27 09:02:50,ttv,0.24,0.12
314,2024-08-27 09:02:55,2024-08-27 09:29:29,e-ahot tic,0.44277777777777777,0.22138888888888889
314,2024-08-27 09:02:55,2024-08-27 09:29:29,tic,0.44277777777777777,0.22138888888888889
313,2024-08-27 09:31:56,2024-08-27 10:18:00,communication,0.7677777777777778,0.3838888888888889
313,2024-08-27 09:31:56,2024-08-27 10:18:00,ttv,0.7677777777777778,0.3838888888888889
312,2024-08-27 10:36:10,2024-08-27 11:09:21,discrete: planning,0.5530555555555555,0.18435185185185185
312,2024-08-27 10:36:10,2024-08-27 11:09:21,tic,0.5530555555555555,0.18435185185185185
312,2024-08-27 10:36:10,2024-08-27 11:09:21,ttv,0.5530555555555555,0.18435185185185185
311,2024-08-27 11:34:08,2024-08-27 12:08:02,discrete: planning,0.565,0.18833333333333332
311,2024-08-27 11:34:08,2024-08-27 12:08:02,tic,0.565,0.18833333333333332
311,2024-08-27 11:34:08,2024-08-27 12:08:02,ttv,0.565,0.18833333333333332
310,2024-08-27 12:11:22,2024-08-27 14:01:25,discrete: teaching fi,1.8341666666666667,0.9170833333333334
310,2024-08-27 12:11:22,2024-08-27 14:01:25,ttv,1.8341666666666667,0.9170833333333334
309,2024-08-28 03:55:02,2024-08-28 04:17:04,communication,0.3672222222222222,0.1836111111111111
309,2024-08-28 03:55:02,2024-08-28 04:17:04,ttv,0.3672222222222222,0.1836111111111111
308,2024-08-28 06:41:58,2024-08-28 07:35:32,communication,0.8927777777777778,0.4463888888888889
308,2024-08-28 06:41:58,2024-08-28 07:35:32,ttv,0.8927777777777778,0.4463888888888889
307,2024-08-28 08:40:42,2024-08-28 10:07:43,discrete: teaching fi,1.4502777777777778,0.7251388888888889
307,2024-08-28 08:40:42,2024-08-28 10:07:43,ttv,1.4502777777777778,0.7251388888888889
306,2024-08-28 11:48:44,2024-08-28 11:56:15,communication,0.12527777777777777,0.06263888888888888
306,2024-08-28 11:48:44,2024-08-28 11:56:15,ttv,0.12527777777777777,0.06263888888888888
305,2024-08-28 11:56:25,2024-08-28 12:11:08,e-ahot tic,0.2452777777777778,0.1226388888888889
305,2024-08-28 11:56:25,2024-08-28 12:11:08,tic,0.2452777777777778,0.1226388888888889
304,2024-08-28 12:12:56,2024-08-28 12:26:04,tic,0.21888888888888888,0.05472222222222222
304,2024-08-28 12:12:56,2024-08-28 12:26:04,ttv,0.21888888888888888,0.05472222222222222
304,2024-08-28 12:12:56,2024-08-28 12:26:04,valintakoe - emails,0.21888888888888888,0.05472222222222222
304,2024-08-28 12:12:56,2024-08-28 12:26:04,yfs,0.21888888888888888,0.05472222222222222
303,2024-08-28 12:32:52,2024-08-28 13:30:54,discrete: planning,0.9672222222222222,0.3224074074074074
303,2024-08-28 12:32:52,2024-08-28 13:30:54,tic,0.9672222222222222,0.3224074074074074
303,2024-08-28 12:32:52,2024-08-28 13:30:54,ttv,0.9672222222222222,0.3224074074074074
302,2024-08-28 13:35:55,2024-08-28 14:49:55,discrete: planning,1.2333333333333334,0.41111111111111115
302,2024-08-28 13:35:55,2024-08-28 14:49:55,tic,1.2333333333333334,0.41111111111111115
302,2024-08-28 13:35:55,2024-08-28 14:49:55,ttv,1.2333333333333334,0.41111111111111115
301,2024-08-29 05:49:43,2024-08-29 06:01:55,communication,0.20333333333333334,0.10166666666666667
301,2024-08-29 05:49:43,2024-08-29 06:01:55,ttv,0.20333333333333334,0.10166666666666667
300,2024-08-29 06:01:58,2024-08-29 06:24:58,discrete: planning,0.38333333333333336,0.1277777777777778
300,2024-08-29 06:01:58,2024-08-29 06:24:58,tic,0.38333333333333336,0.1277777777777778
300,2024-08-29 06:01:58,2024-08-29 06:24:58,ttv,0.38333333333333336,0.1277777777777778
299,2024-08-29 06:25:03,2024-08-29 08:10:54,discrete: teaching en,1.7641666666666667,0.8820833333333333
299,2024-08-29 06:25:03,2024-08-29 08:10:54,tic,1.7641666666666667,0.8820833333333333
298,2024-08-29 08:56:40,2024-08-29 10:36:21,communication,1.6613888888888888,0.8306944444444444
298,2024-08-29 08:56:40,2024-08-29 10:36:21,ttv,1.6613888888888888,0.8306944444444444
297,2024-08-29 10:59:33,2024-08-29 11:59:36,buas meeting,1.0008333333333332,0.5004166666666666
297,2024-08-29 10:59:33,2024-08-29 11:59:36,ttv,1.0008333333333332,0.5004166666666666
296,2024-08-29 12:17:10,2024-08-29 13:23:55,dan,1.1125,0.55625
296,2024-08-29 12:17:10,2024-08-29 13:23:55,dan: planning,1.1125,0.55625
295,2024-08-29 13:32:59,2024-08-29 14:25:04,discrete: planning,0.8680555555555556,0.28935185185185186
295,2024-08-29 13:32:59,2024-08-29 14:25:04,tic,0.8680555555555556,0.28935185185185186
295,2024-08-29 13:32:59,2024-08-29 14:25:04,ttv,0.8680555555555556,0.28935185185185186
294,2024-08-29 14:33:59,2024-08-29 14:51:50,dan,0.2975,0.14875
294,2024-08-29 14:33:59,2024-08-29 14:51:50,dan: planning,0.2975,0.14875
293,2024-08-30 03:47:20,2024-08-30 04:02:40,discrete: planning,0.25555555555555554,0.08518518518518518
293,2024-08-30 03:47:20,2024-08-30 04:02:40,tic,0.25555555555555554,0.08518518518518518
293,2024-08-30 03:47:20,2024-08-30 04:02:40,ttv,0.25555555555555554,0.08518518518518518
292,2024-08-30 04:02:43,2024-08-30 04:21:03,course registrations,0.3055555555555556,0.1527777777777778
292,2024-08-30 04:02:43,2024-08-30 04:21:03,ttv,0.3055555555555556,0.1527777777777778
291,2024-08-30 04:23:20,2024-08-30 06:08:22,discrete: teaching fi,1.7505555555555556,0.8752777777777778
291,2024-08-30 04:23:20,2024-08-30 06:08:22,ttv,1.7505555555555556,0.8752777777777778
290,2024-08-30 10:15:23,2024-08-30 13:38:35,dan,3.3866666666666667,1.6933333333333334
290,2024-08-30 10:15:23,2024-08-30 13:38:35,dan: planning,3.3866666666666667,1.6933333333333334
289,2024-08-31 13:41:47,2024-08-31 14:43:56,reportronic,1.0358333333333334,0.5179166666666667
289,2024-08-31 13:41:47,2024-08-31 14:43:56,ttv,1.0358333333333334,0.5179166666666667
288,2024-09-01 05:34:05,2024-09-01 05:46:16,communication,0.20305555555555554,0.10152777777777777
288,2024-09-01 05:34:05,2024-09-01 05:46:16,ttv,0.20305555555555554,0.10152777777777777
287,2024-09-01 05:52:41,2024-09-01 06:04:44,daily planning,0.20083333333333334,0.10041666666666667
287,2024-09-01 05:52:41,2024-09-01 06:04:44,ttv,0.20083333333333334,0.10041666666666667
286,2024-09-01 06:04:52,2024-09-01 06:44:54,discrete: planning,0.6672222222222223,0.22240740740740741
286,2024-09-01 06:04:52,2024-09-01 06:44:54,tic,0.6672222222222223,0.22240740740740741
286,2024-09-01 06:04:52,2024-09-01 06:44:54,ttv,0.6672222222222223,0.22240740740740741
285,2024-09-01 06:59:52,2024-09-01 07:26:25,dan,0.4425,0.22125
285,2024-09-01 06:59:52,2024-09-01 07:26:25,dan: planning,0.4425,0.22125
284,2024-09-01 07:50:47,2024-09-01 08:30:06,dan,0.6552777777777777,0.32763888888888887
284,2024-09-01 07:50:47,2024-09-01 08:30:06,dan: planning,0.6552777777777777,0.32763888888888887
283,2024-09-01 09:02:04,2024-09-01 09:39:21,discrete: planning,0.6213888888888889,0.20712962962962964
283,2024-09-01 09:02:04,2024-09-01 09:39:21,tic,0.6213888888888889,0.20712962962962964
283,2024-09-01 09:02:04,2024-09-01 09:39:21,ttv,0.6213888888888889,0.20712962962962964
282,2024-09-01 09:47:08,2024-09-01 10:02:49,discrete: planning,0.2613888888888889,0.08712962962962963
282,2024-09-01 09:47:08,2024-09-01 10:02:49,tic,0.2613888888888889,0.08712962962962963
282,2024-09-01 09:47:08,2024-09-01 10:02:49,ttv,0.2613888888888889,0.08712962962962963
281,2024-09-01 10:40:35,2024-09-01 11:06:46,discrete: planning,0.4363888888888889,0.14546296296296296
281,2024-09-01 10:40:35,2024-09-01 11:06:46,tic,0.4363888888888889,0.14546296296296296
281,2024-09-01 10:40:35,2024-09-01 11:06:46,ttv,0.4363888888888889,0.14546296296296296
280,2024-09-01 11:40:13,2024-09-01 12:20:35,dan,0.6727777777777778,0.3363888888888889
280,2024-09-01 11:40:13,2024-09-01 12:20:35,dan: planning,0.6727777777777778,0.3363888888888889
279,2024-09-01 12:28:36,2024-09-01 13:01:53,dan,0.5547222222222222,0.2773611111111111
279,2024-09-01 12:28:36,2024-09-01 13:01:53,dan: planning,0.5547222222222222,0.2773611111111111
278,2024-09-01 13:22:37,2024-09-01 13:55:29,discrete: planning,0.5477777777777778,0.1825925925925926
278,2024-09-01 13:22:37,2024-09-01 13:55:29,tic,0.5477777777777778,0.1825925925925926
278,2024-09-01 13:22:37,2024-09-01 13:55:29,ttv,0.5477777777777778,0.1825925925925926
277,2024-09-01 14:15:12,2024-09-01 14:21:40,course registrations,0.10777777777777778,0.05388888888888889
277,2024-09-01 14:15:12,2024-09-01 14:21:40,ttv,0.10777777777777778,0.05388888888888889
276,2024-09-01 14:21:47,2024-09-01 15:18:19,discrete: planning,0.9422222222222222,0.31407407407407406
276,2024-09-01 14:21:47,2024-09-01 15:18:19,tic,0.9422222222222222,0.31407407407407406
276,2024-09-01 14:21:47,2024-09-01 15:18:19,ttv,0.9422222222222222,0.31407407407407406
275,2024-09-02 05:49:23,2024-09-02 05:52:36,daily planning,0.05361111111111111,0.026805555555555555
275,2024-09-02 05:49:23,2024-09-02 05:52:36,ttv,0.05361111111111111,0.026805555555555555
274,2024-09-02 05:52:41,2024-09-02 06:18:07,communication,0.42388888888888887,0.21194444444444444
274,2024-09-02 05:52:41,2024-09-02 06:18:07,ttv,0.42388888888888887,0.21194444444444444
273,2024-09-02 06:18:13,2024-09-02 06:28:14,dan,0.16694444444444445,0.08347222222222223
273,2024-09-02 06:18:13,2024-09-02 06:28:14,dan: planning,0.16694444444444445,0.08347222222222223
272,2024-09-02 07:00:02,2024-09-02 08:30:50,dan,1.5133333333333334,0.7566666666666667
272,2024-09-02 07:00:02,2024-09-02 08:30:50,dan: planning,1.5133333333333334,0.7566666666666667
271,2024-09-02 08:41:12,2024-09-02 08:50:06,reportronic,0.14833333333333334,0.07416666666666667
271,2024-09-02 08:41:12,2024-09-02 08:50:06,ttv,0.14833333333333334,0.07416666666666667
270,2024-09-02 09:32:42,2024-09-02 10:46:52,discrete: planning,1.2361111111111112,0.41203703703703703
270,2024-09-02 09:32:42,2024-09-02 10:46:52,tic,1.2361111111111112,0.41203703703703703
270,2024-09-02 09:32:42,2024-09-02 10:46:52,ttv,1.2361111111111112,0.41203703703703703
269,2024-09-02 11:08:09,2024-09-02 12:18:44,discrete: planning,1.176388888888889,0.39212962962962966
269,2024-09-02 11:08:09,2024-09-02 12:18:44,tic,1.176388888888889,0.39212962962962966
269,2024-09-02 11:08:09,2024-09-02 12:18:44,ttv,1.176388888888889,0.39212962962962966
268,2024-09-02 12:49:35,2024-09-02 13:01:49,communication,0.2038888888888889,0.10194444444444445
268,2024-09-02 12:49:35,2024-09-02 13:01:49,ttv,0.2038888888888889,0.10194444444444445
267,2024-09-03 03:40:50,2024-09-03 03:42:56,daily planning,0.035,0.0175
267,2024-09-03 03:40:50,2024-09-03 03:42:56,ttv,0.035,0.0175
266,2024-09-03 03:42:58,2024-09-03 04:10:30,communication,0.4588888888888889,0.22944444444444445
266,2024-09-03 03:42:58,2024-09-03 04:10:30,ttv,0.4588888888888889,0.22944444444444445
265,2024-09-03 04:10:37,2024-09-03 04:19:31,course registrations,0.14833333333333334,0.07416666666666667
265,2024-09-03 04:10:37,2024-09-03 04:19:31,ttv,0.14833333333333334,0.07416666666666667
264,2024-09-03 04:30:37,2024-09-03 05:08:44,dan,0.6352777777777778,0.3176388888888889
264,2024-09-03 04:30:37,2024-09-03 05:08:44,dan: planning,0.6352777777777778,0.3176388888888889
263,2024-09-03 05:31:27,2024-09-03 06:44:30,dan,1.2175,0.60875
263,2024-09-03 05:31:27,2024-09-03 06:44:30,dan: planning,1.2175,0.60875
262,2024-09-03 06:55:26,2024-09-03 07:27:37,dan,0.5363888888888889,0.26819444444444446
262,2024-09-03 06:55:26,2024-09-03 07:27:37,dan: planning,0.5363888888888889,0.26819444444444446
261,2024-09-03 08:22:09,2024-09-03 09:07:42,discrete: planning,0.7591666666666667,0.25305555555555553
261,2024-09-03 08:22:09,2024-09-03 09:07:42,tic,0.7591666666666667,0.25305555555555553
261,2024-09-03 08:22:09,2024-09-03 09:07:42,ttv,0.7591666666666667,0.25305555555555553
260,2024-09-03 09:11:53,2024-09-03 09:48:43,discrete: planning,0.6138888888888889,0.20462962962962963
260,2024-09-03 09:11:53,2024-09-03 09:48:43,tic,0.6138888888888889,0.20462962962962963
260,2024-09-03 09:11:53,2024-09-03 09:48:43,ttv,0.6138888888888889,0.20462962962962963
259,2024-09-03 09:48:52,2024-09-03 09:54:10,communication,0.08833333333333333,0.04416666666666667
259,2024-09-03 09:48:52,2024-09-03 09:54:10,ttv,0.08833333333333333,0.04416666666666667
258,2024-09-03 10:00:16,2024-09-03 11:15:15,discrete: planning,1.2497222222222222,0.41657407407407404
258,2024-09-03 10:00:16,2024-09-03 11:15:15,tic,1.2497222222222222,0.41657407407407404
258,2024-09-03 10:00:16,2024-09-03 11:15:15,ttv,1.2497222222222222,0.41657407407407404
257,2024-09-03 12:02:00,2024-09-03 13:44:02,discrete: teaching fi,1.7005555555555556,0.8502777777777778
257,2024-09-03 12:02:00,2024-09-03 13:44:02,ttv,1.7005555555555556,0.8502777777777778
256,2024-09-03 14:05:43,2024-09-03 16:06:12,dan,2.0080555555555555,1.0040277777777777
256,2024-09-03 14:05:43,2024-09-03 16:06:12,dan: teaching,2.0080555555555555,1.0040277777777777
255,2024-09-03 17:36:40,2024-09-03 17:41:41,communication,0.08361111111111111,0.041805555555555554
255,2024-09-03 17:36:40,2024-09-03 17:41:41,ttv,0.08361111111111111,0.041805555555555554
254,2024-09-04 03:57:45,2024-09-04 04:24:00,communication,0.4375,0.21875
254,2024-09-04 03:57:45,2024-09-04 04:24:00,ttv,0.4375,0.21875
253,2024-09-04 04:29:48,2024-09-04 04:42:50,discrete: planning,0.21722222222222223,0.0724074074074074
253,2024-09-04 04:29:48,2024-09-04 04:42:50,tic,0.21722222222222223,0.0724074074074074
253,2024-09-04 04:29:48,2024-09-04 04:42:50,ttv,0.21722222222222223,0.0724074074074074
252,2024-09-04 04:42:53,2024-09-04 06:03:56,dan,1.3508333333333333,0.6754166666666667
252,2024-09-04 04:42:53,2024-09-04 06:03:56,dan: planning,1.3508333333333333,0.6754166666666667
251,2024-09-04 06:27:06,2024-09-04 07:03:16,discrete: planning,0.6027777777777777,0.20092592592592592
251,2024-09-04 06:27:06,2024-09-04 07:03:16,tic,0.6027777777777777,0.20092592592592592
251,2024-09-04 06:27:06,2024-09-04 07:03:16,ttv,0.6027777777777777,0.20092592592592592
250,2024-09-04 07:25:43,2024-09-04 08:02:45,eparking-ongelmat,0.6172222222222222,0.3086111111111111
250,2024-09-04 07:25:43,2024-09-04 08:02:45,ttv,0.6172222222222222,0.3086111111111111
249,2024-09-04 08:34:29,2024-09-04 10:11:35,discrete: teaching fi,1.6183333333333334,0.8091666666666667
249,2024-09-04 08:34:29,2024-09-04 10:11:35,ttv,1.6183333333333334,0.8091666666666667
248,2024-09-04 10:27:23,2024-09-04 10:42:25,eparking-ongelmat,0.25055555555555553,0.12527777777777777
248,2024-09-04 10:27:23,2024-09-04 10:42:25,ttv,0.25055555555555553,0.12527777777777777
247,2024-09-04 10:44:35,2024-09-04 10:55:58,dan,0.1897222222222222,0.06324074074074074
247,2024-09-04 10:44:35,2024-09-04 10:55:58,vanhaa valintakoetta pystyyn,0.1897222222222222,0.06324074074074074
247,2024-09-04 10:44:35,2024-09-04 10:55:58,yfs,0.1897222222222222,0.06324074074074074
246,2024-09-04 11:26:35,2024-09-04 12:46:02,discrete: planning,1.3241666666666667,0.4413888888888889
246,2024-09-04 11:26:35,2024-09-04 12:46:02,tic,1.3241666666666667,0.4413888888888889
246,2024-09-04 11:26:35,2024-09-04 12:46:02,ttv,1.3241666666666667,0.4413888888888889
245,2024-09-04 13:15:26,2024-09-04 14:22:44,discrete: planning,1.1216666666666666,0.3738888888888889
245,2024-09-04 13:15:26,2024-09-04 14:22:44,tic,1.1216666666666666,0.3738888888888889
245,2024-09-04 13:15:26,2024-09-04 14:22:44,ttv,1.1216666666666666,0.3738888888888889
244,2024-09-05 04:57:34,2024-09-05 05:09:36,communication,0.20055555555555554,0.10027777777777777
244,2024-09-05 04:57:34,2024-09-05 05:09:36,ttv,0.20055555555555554,0.10027777777777777
243,2024-09-05 06:14:55,2024-09-05 08:04:12,discrete: teaching en,1.821388888888889,0.9106944444444445
243,2024-09-05 06:14:55,2024-09-05 08:04:12,tic,1.821388888888889,0.9106944444444445
242,2024-09-05 08:20:09,2024-09-05 09:22:55,dan,1.0461111111111112,0.5230555555555556
242,2024-09-05 08:20:09,2024-09-05 09:22:55,dan: planning,1.0461111111111112,0.5230555555555556
241,2024-09-05 10:05:39,2024-09-05 10:57:11,discrete: planning,0.8588888888888889,0.2862962962962963
241,2024-09-05 10:05:39,2024-09-05 10:57:11,tic,0.8588888888888889,0.2862962962962963
241,2024-09-05 10:05:39,2024-09-05 10:57:11,ttv,0.8588888888888889,0.2862962962962963
240,2024-09-05 11:43:16,2024-09-05 12:26:09,dan,0.7147222222222223,0.23824074074074075
240,2024-09-05 11:43:16,2024-09-05 12:26:09,vanhaa valintakoetta pystyyn,0.7147222222222223,0.23824074074074075
240,2024-09-05 11:43:16,2024-09-05 12:26:09,yfs,0.7147222222222223,0.23824074074074075
239,2024-09-05 12:43:02,2024-09-05 13:26:08,tic,0.7183333333333334,0.17958333333333334
239,2024-09-05 12:43:02,2024-09-05 13:26:08,ttv,0.7183333333333334,0.17958333333333334
239,2024-09-05 12:43:02,2024-09-05 13:26:08,valintakoe - windows vm,0.7183333333333334,0.17958333333333334
239,2024-09-05 12:43:02,2024-09-05 13:26:08,yfs,0.7183333333333334,0.17958333333333334
238,2024-09-06 04:10:28,2024-09-06 04:25:19,communication,0.2475,0.12375
238,2024-09-06 04:10:28,2024-09-06 04:25:19,ttv,0.2475,0.12375
237,2024-09-06 04:26:36,2024-09-06 06:14:38,discrete: teaching fi,1.8005555555555555,0.9002777777777777
237,2024-09-06 04:26:36,2024-09-06 06:14:38,ttv,1.8005555555555555,0.9002777777777777
236,2024-09-06 06:32:57,2024-09-06 06:34:33,discrete: videos teams --> onedrive,0.02666666666666667,0.013333333333333334
236,2024-09-06 06:32:57,2024-09-06 06:34:33,ttv,0.02666666666666667,0.013333333333333334
235,2024-09-08 09:14:56,2024-09-08 09:57:23,dan,0.7075,0.35375
235,2024-09-08 09:14:56,2024-09-08 09:57:23,dan: planning,0.7075,0.35375
234,2024-09-08 12:43:43,2024-09-08 13:32:03,dan,0.8055555555555556,0.4027777777777778
234,2024-09-08 12:43:43,2024-09-08 13:32:03,dan: planning,0.8055555555555556,0.4027777777777778
233,2024-09-09 07:16:18,2024-09-09 07:42:06,communication,0.43,0.215
233,2024-09-09 07:16:18,2024-09-09 07:42:06,ttv,0.43,0.215
232,2024-09-09 08:13:57,2024-09-09 09:13:25,discrete: planning,0.9911111111111112,0.33037037037037037
232,2024-09-09 08:13:57,2024-09-09 09:13:25,tic,0.9911111111111112,0.33037037037037037
232,2024-09-09 08:13:57,2024-09-09 09:13:25,ttv,0.9911111111111112,0.33037037037037037
231,2024-09-09 09:13:28,2024-09-09 09:19:27,communication,0.09972222222222223,0.04986111111111111
231,2024-09-09 09:13:28,2024-09-09 09:19:27,ttv,0.09972222222222223,0.04986111111111111
230,2024-09-09 09:45:49,2024-09-09 10:25:15,discrete: planning,0.6572222222222223,0.2190740740740741
230,2024-09-09 09:45:49,2024-09-09 10:25:15,tic,0.6572222222222223,0.2190740740740741
230,2024-09-09 09:45:49,2024-09-09 10:25:15,ttv,0.6572222222222223,0.2190740740740741
229,2024-09-09 11:08:19,2024-09-09 11:20:35,dan,0.20444444444444446,0.10222222222222223
229,2024-09-09 11:08:19,2024-09-09 11:20:35,dan: planning,0.20444444444444446,0.10222222222222223
228,2024-09-09 11:20:57,2024-09-09 11:45:00,discrete: planning,0.4008333333333333,0.1336111111111111
228,2024-09-09 11:20:57,2024-09-09 11:45:00,tic,0.4008333333333333,0.1336111111111111
228,2024-09-09 11:20:57,2024-09-09 11:45:00,ttv,0.4008333333333333,0.1336111111111111
227,2024-09-09 11:58:56,2024-09-09 12:16:58,tic,0.3005555555555556,0.1502777777777778
227,2024-09-09 11:58:56,2024-09-09 12:16:58,valintakoe: tsek-palaveri,0.3005555555555556,0.1502777777777778
226,2024-09-09 12:17:10,2024-09-09 12:46:18,dan,0.4855555555555556,0.2427777777777778
226,2024-09-09 12:17:10,2024-09-09 12:46:18,eahot dan,0.4855555555555556,0.2427777777777778
225,2024-09-10 04:29:54,2024-09-10 04:31:09,communication,0.020833333333333332,0.010416666666666666
225,2024-09-10 04:29:54,2024-09-10 04:31:09,ttv,0.020833333333333332,0.010416666666666666
224,2024-09-10 04:31:13,2024-09-10 04:37:57,dan,0.11222222222222222,0.05611111111111111
224,2024-09-10 04:31:13,2024-09-10 04:37:57,eahot dan,0.11222222222222222,0.05611111111111111
223,2024-09-10 04:38:02,2024-09-10 05:12:06,discrete: planning,0.5677777777777778,0.18925925925925927
223,2024-09-10 04:38:02,2024-09-10 05:12:06,tic,0.5677777777777778,0.18925925925925927
223,2024-09-10 04:38:02,2024-09-10 05:12:06,ttv,0.5677777777777778,0.18925925925925927
222,2024-09-10 06:14:55,2024-09-10 07:20:18,dan,1.0897222222222223,0.5448611111111111
222,2024-09-10 06:14:55,2024-09-10 07:20:18,dan: planning,1.0897222222222223,0.5448611111111111
221,2024-09-10 07:41:10,2024-09-10 09:40:51,dan,1.9947222222222223,0.9973611111111111
221,2024-09-10 07:41:10,2024-09-10 09:40:51,dan: planning,1.9947222222222223,0.9973611111111111
220,2024-09-10 10:00:41,2024-09-10 10:12:39,dan,0.19944444444444445,0.06648148148148149
220,2024-09-10 10:00:41,2024-09-10 10:12:39,vanhaa valintakoetta pystyyn,0.19944444444444445,0.06648148148148149
220,2024-09-10 10:00:41,2024-09-10 10:12:39,yfs,0.19944444444444445,0.06648148148148149
219,2024-09-10 10:12:42,2024-09-10 10:18:20,discrete: planning,0.09388888888888888,0.031296296296296294
219,2024-09-10 10:12:42,2024-09-10 10:18:20,tic,0.09388888888888888,0.031296296296296294
219,2024-09-10 10:12:42,2024-09-10 10:18:20,ttv,0.09388888888888888,0.031296296296296294
218,2024-09-10 10:18:26,2024-09-10 10:58:37,dan,0.6697222222222222,0.22324074074074074
218,2024-09-10 10:18:26,2024-09-10 10:58:37,vanhaa valintakoetta pystyyn,0.6697222222222222,0.22324074074074074
218,2024-09-10 10:18:26,2024-09-10 10:58:37,yfs,0.6697222222222222,0.22324074074074074
217,2024-09-10 12:11:25,2024-09-10 13:46:27,discrete: teaching fi,1.583888888888889,0.7919444444444445
217,2024-09-10 12:11:25,2024-09-10 13:46:27,ttv,1.583888888888889,0.7919444444444445
216,2024-09-10 14:13:11,2024-09-10 16:22:55,dan,2.1622222222222223,1.0811111111111111
216,2024-09-10 14:13:11,2024-09-10 16:22:55,dan: teaching,2.1622222222222223,1.0811111111111111
215,2024-09-11 05:04:25,2024-09-11 05:24:06,communication,0.32805555555555554,0.16402777777777777
215,2024-09-11 05:04:25,2024-09-11 05:24:06,ttv,0.32805555555555554,0.16402777777777777
214,2024-09-11 05:25:45,2024-09-11 05:49:58,discrete: planning,0.4036111111111111,0.13453703703703704
214,2024-09-11 05:25:45,2024-09-11 05:49:58,tic,0.4036111111111111,0.13453703703703704
214,2024-09-11 05:25:45,2024-09-11 05:49:58,ttv,0.4036111111111111,0.13453703703703704
213,2024-09-11 06:10:01,2024-09-11 06:35:37,discrete: planning,0.4266666666666667,0.14222222222222222
213,2024-09-11 06:10:01,2024-09-11 06:35:37,tic,0.4266666666666667,0.14222222222222222
213,2024-09-11 06:10:01,2024-09-11 06:35:37,ttv,0.4266666666666667,0.14222222222222222
212,2024-09-11 06:42:57,2024-09-11 06:47:57,discrete: planning,0.08333333333333333,0.027777777777777776
212,2024-09-11 06:42:57,2024-09-11 06:47:57,tic,0.08333333333333333,0.027777777777777776
212,2024-09-11 06:42:57,2024-09-11 06:47:57,ttv,0.08333333333333333,0.027777777777777776
211,2024-09-11 06:48:03,2024-09-11 07:00:26,dan,0.2063888888888889,0.0687962962962963
211,2024-09-11 06:48:03,2024-09-11 07:00:26,vanhaa valintakoetta pystyyn,0.2063888888888889,0.0687962962962963
211,2024-09-11 06:48:03,2024-09-11 07:00:26,yfs,0.2063888888888889,0.0687962962962963
210,2024-09-11 07:00:29,2024-09-11 07:09:03,discrete: planning,0.14277777777777778,0.047592592592592596
210,2024-09-11 07:00:29,2024-09-11 07:09:03,tic,0.14277777777777778,0.047592592592592596
210,2024-09-11 07:00:29,2024-09-11 07:09:03,ttv,0.14277777777777778,0.047592592592592596
209,2024-09-11 07:09:05,2024-09-11 07:58:20,dan,0.8208333333333333,0.2736111111111111
209,2024-09-11 07:09:05,2024-09-11 07:58:20,vanhaa valintakoetta pystyyn,0.8208333333333333,0.2736111111111111
209,2024-09-11 07:09:05,2024-09-11 07:58:20,yfs,0.8208333333333333,0.2736111111111111
208,2024-09-11 08:42:34,2024-09-11 10:17:36,discrete: teaching fi,1.583888888888889,0.7919444444444445
208,2024-09-11 08:42:34,2024-09-11 10:17:36,ttv,1.583888888888889,0.7919444444444445
207,2024-09-11 13:32:46,2024-09-11 14:14:48,communication,0.7005555555555556,0.3502777777777778
207,2024-09-11 13:32:46,2024-09-11 14:14:48,ttv,0.7005555555555556,0.3502777777777778
206,2024-09-12 06:22:38,2024-09-12 08:02:41,discrete: teaching en,1.6675,0.83375
206,2024-09-12 06:22:38,2024-09-12 08:02:41,tic,1.6675,0.83375
205,2024-09-12 09:58:11,2024-09-12 11:00:30,communication,1.0386111111111112,0.5193055555555556
205,2024-09-12 09:58:11,2024-09-12 11:00:30,ttv,1.0386111111111112,0.5193055555555556
204,2024-09-12 11:53:18,2024-09-12 12:17:01,dan,0.3952777777777778,0.13175925925925927
204,2024-09-12 11:53:18,2024-09-12 12:17:01,vanhaa valintakoetta pystyyn,0.3952777777777778,0.13175925925925927
204,2024-09-12 11:53:18,2024-09-12 12:17:01,yfs,0.3952777777777778,0.13175925925925927
203,2024-09-12 12:43:53,2024-09-12 14:06:09,dan,1.3711111111111112,0.4570370370370371
203,2024-09-12 12:43:53,2024-09-12 14:06:09,vanhaa valintakoetta pystyyn,1.3711111111111112,0.4570370370370371
203,2024-09-12 12:43:53,2024-09-12 14:06:09,yfs,1.3711111111111112,0.4570370370370371
202,2024-09-12 14:25:29,2024-09-12 15:20:46,dan,0.9213888888888889,0.30712962962962964
202,2024-09-12 14:25:29,2024-09-12 15:20:46,vanhaa valintakoetta pystyyn,0.9213888888888889,0.30712962962962964
202,2024-09-12 14:25:29,2024-09-12 15:20:46,yfs,0.9213888888888889,0.30712962962962964
201,2024-09-12 15:27:42,2024-09-12 16:56:38,dan,1.4822222222222223,0.4940740740740741
201,2024-09-12 15:27:42,2024-09-12 16:56:38,vanhaa valintakoetta pystyyn,1.4822222222222223,0.4940740740740741
201,2024-09-12 15:27:42,2024-09-12 16:56:38,yfs,1.4822222222222223,0.4940740740740741
200,2024-09-12 17:47:26,2024-09-12 19:28:09,dan,1.678611111111111,0.559537037037037
200,2024-09-12 17:47:26,2024-09-12 19:28:09,vanhaa valintakoetta pystyyn,1.678611111111111,0.559537037037037
200,2024-09-12 17:47:26,2024-09-12 19:28:09,yfs,1.678611111111111,0.559537037037037
199,2024-09-13 04:23:17,2024-09-13 06:06:10,discrete: teaching fi,1.7147222222222223,0.8573611111111111
199,2024-09-13 04:23:17,2024-09-13 06:06:10,ttv,1.7147222222222223,0.8573611111111111
198,2024-09-13 06:06:17,2024-09-13 06:15:27,discrete: videos teams --> onedrive,0.1527777777777778,0.0763888888888889
198,2024-09-13 06:06:17,2024-09-13 06:15:27,ttv,0.1527777777777778,0.0763888888888889
197,2024-09-13 07:31:01,2024-09-13 10:52:10,dan,3.3525,1.1175
197,2024-09-13 07:31:01,2024-09-13 10:52:10,vanhaa valintakoetta pystyyn,3.3525,1.1175
197,2024-09-13 07:31:01,2024-09-13 10:52:10,yfs,3.3525,1.1175
196,2024-09-13 10:55:08,2024-09-13 11:18:01,communication,0.3813888888888889,0.19069444444444444
196,2024-09-13 10:55:08,2024-09-13 11:18:01,ttv,0.3813888888888889,0.19069444444444444
195,2024-09-13 11:18:31,2024-09-13 13:25:47,discrete: grading,2.121111111111111,0.707037037037037
195,2024-09-13 11:18:31,2024-09-13 13:25:47,tic,2.121111111111111,0.707037037037037
195,2024-09-13 11:18:31,2024-09-13 13:25:47,ttv,2.121111111111111,0.707037037037037
194,2024-09-15 05:56:57,2024-09-15 06:27:05,communication,0.5022222222222222,0.2511111111111111
194,2024-09-15 05:56:57,2024-09-15 06:27:05,ttv,0.5022222222222222,0.2511111111111111
193,2024-09-15 06:37:15,2024-09-15 06:49:42,dan,0.2075,0.10375
193,2024-09-15 06:37:15,2024-09-15 06:49:42,dan: planning,0.2075,0.10375
192,2024-09-15 12:12:25,2024-09-15 12:37:35,dan,0.41944444444444445,0.20972222222222223
192,2024-09-15 12:12:25,2024-09-15 12:37:35,dan: planning,0.41944444444444445,0.20972222222222223
191,2024-09-16 04:59:24,2024-09-16 05:05:07,communication,0.09527777777777778,0.04763888888888889
191,2024-09-16 04:59:24,2024-09-16 05:05:07,ttv,0.09527777777777778,0.04763888888888889
190,2024-09-16 05:05:30,2024-09-16 05:22:41,discrete: planning,0.2863888888888889,0.09546296296296297
190,2024-09-16 05:05:30,2024-09-16 05:22:41,tic,0.2863888888888889,0.09546296296296297
190,2024-09-16 05:05:30,2024-09-16 05:22:41,ttv,0.2863888888888889,0.09546296296296297
189,2024-09-16 05:30:38,2024-09-16 06:02:40,discrete: planning,0.5338888888888889,0.17796296296296296
189,2024-09-16 05:30:38,2024-09-16 06:02:40,tic,0.5338888888888889,0.17796296296296296
189,2024-09-16 05:30:38,2024-09-16 06:02:40,ttv,0.5338888888888889,0.17796296296296296
188,2024-09-16 06:25:58,2024-09-16 06:54:03,discrete: planning,0.46805555555555556,0.15601851851851853
188,2024-09-16 06:25:58,2024-09-16 06:54:03,tic,0.46805555555555556,0.15601851851851853
188,2024-09-16 06:25:58,2024-09-16 06:54:03,ttv,0.46805555555555556,0.15601851851851853
187,2024-09-16 07:10:36,2024-09-16 07:41:43,discrete: planning,0.5186111111111111,0.17287037037037037
187,2024-09-16 07:10:36,2024-09-16 07:41:43,tic,0.5186111111111111,0.17287037037037037
187,2024-09-16 07:10:36,2024-09-16 07:41:43,ttv,0.5186111111111111,0.17287037037037037
186,2024-09-16 07:55:10,2024-09-16 08:21:26,resurssipalaveri,0.43777777777777777,0.21888888888888888
186,2024-09-16 07:55:10,2024-09-16 08:21:26,ttv,0.43777777777777777,0.21888888888888888
185,2024-09-16 08:22:20,2024-09-16 08:31:01,tic,0.14472222222222222,0.07236111111111111
185,2024-09-16 08:22:20,2024-09-16 08:31:01,valintakoe tic,0.14472222222222222,0.07236111111111111
184,2024-09-16 08:59:31,2024-09-16 10:04:26,perehdytyspalaveri,1.0819444444444444,0.5409722222222222
184,2024-09-16 08:59:31,2024-09-16 10:04:26,ttv,1.0819444444444444,0.5409722222222222
183,2024-09-16 11:00:21,2024-09-16 11:36:00,discrete: planning,0.5941666666666666,0.19805555555555554
183,2024-09-16 11:00:21,2024-09-16 11:36:00,tic,0.5941666666666666,0.19805555555555554
183,2024-09-16 11:00:21,2024-09-16 11:36:00,ttv,0.5941666666666666,0.19805555555555554
182,2024-09-16 11:44:49,2024-09-16 12:47:37,discrete: planning,1.0466666666666666,0.34888888888888886
182,2024-09-16 11:44:49,2024-09-16 12:47:37,tic,1.0466666666666666,0.34888888888888886
182,2024-09-16 11:44:49,2024-09-16 12:47:37,ttv,1.0466666666666666,0.34888888888888886
181,2024-09-16 13:18:59,2024-09-16 14:28:16,dan,1.1547222222222222,0.5773611111111111
181,2024-09-16 13:18:59,2024-09-16 14:28:16,dan: planning,1.1547222222222222,0.5773611111111111
180,2024-09-17 04:47:42,2024-09-17 05:30:09,communication,0.7075,0.35375
180,2024-09-17 04:47:42,2024-09-17 05:30:09,ttv,0.7075,0.35375
179,2024-09-17 05:41:08,2024-09-17 06:27:50,discrete: planning,0.7783333333333333,0.2594444444444444
179,2024-09-17 05:41:08,2024-09-17 06:27:50,tic,0.7783333333333333,0.2594444444444444
179,2024-09-17 05:41:08,2024-09-17 06:27:50,ttv,0.7783333333333333,0.2594444444444444
178,2024-09-17 06:37:58,2024-09-17 07:31:07,discrete: planning,0.8858333333333334,0.2952777777777778
178,2024-09-17 06:37:58,2024-09-17 07:31:07,tic,0.8858333333333334,0.2952777777777778
178,2024-09-17 06:37:58,2024-09-17 07:31:07,ttv,0.8858333333333334,0.2952777777777778
177,2024-09-17 07:35:42,2024-09-17 08:50:47,discrete: planning,1.2513888888888889,0.41712962962962963
177,2024-09-17 07:35:42,2024-09-17 08:50:47,tic,1.2513888888888889,0.41712962962962963
177,2024-09-17 07:35:42,2024-09-17 08:50:47,ttv,1.2513888888888889,0.41712962962962963
176,2024-09-17 08:54:57,2024-09-17 09:06:29,dan,0.1922222222222222,0.0961111111111111
176,2024-09-17 08:54:57,2024-09-17 09:06:29,dan: planning,0.1922222222222222,0.0961111111111111
175,2024-09-17 09:16:06,2024-09-17 09:50:13,dan,0.5686111111111111,0.28430555555555553
175,2024-09-17 09:16:06,2024-09-17 09:50:13,dan: planning,0.5686111111111111,0.28430555555555553
174,2024-09-17 10:00:33,2024-09-17 10:47:31,dan,0.7827777777777778,0.3913888888888889
174,2024-09-17 10:00:33,2024-09-17 10:47:31,dan: planning,0.7827777777777778,0.3913888888888889
173,2024-09-18 04:46:04,2024-09-18 04:47:24,communication,0.022222222222222223,0.011111111111111112
173,2024-09-18 04:46:04,2024-09-18 04:47:24,ttv,0.022222222222222223,0.011111111111111112
172,2024-09-18 04:47:38,2024-09-18 04:59:06,dan,0.19111111111111112,0.09555555555555556
172,2024-09-18 04:47:38,2024-09-18 04:59:06,dan: recordings teams --> onedrive,0.19111111111111112,0.09555555555555556
171,2024-09-18 04:59:13,2024-09-18 05:19:15,communication,0.3338888888888889,0.16694444444444445
171,2024-09-18 04:59:13,2024-09-18 05:19:15,ttv,0.3338888888888889,0.16694444444444445
170,2024-09-18 05:24:40,2024-09-18 06:07:45,dan,0.7180555555555556,0.3590277777777778
170,2024-09-18 05:24:40,2024-09-18 06:07:45,dan: planning,0.7180555555555556,0.3590277777777778
169,2024-09-18 06:13:08,2024-09-18 07:51:21,dan,1.6369444444444445,0.8184722222222223
169,2024-09-18 06:13:08,2024-09-18 07:51:21,dan: planning,1.6369444444444445,0.8184722222222223
168,2024-09-18 08:40:26,2024-09-18 10:13:07,discrete: teaching fi,1.5447222222222223,0.7723611111111112
168,2024-09-18 08:40:26,2024-09-18 10:13:07,ttv,1.5447222222222223,0.7723611111111112
167,2024-09-18 10:13:28,2024-09-18 10:23:22,communication,0.165,0.0825
167,2024-09-18 10:13:28,2024-09-18 10:23:22,ttv,0.165,0.0825
166,2024-09-18 11:23:12,2024-09-18 11:25:09,communication,0.0325,0.01625
166,2024-09-18 11:23:12,2024-09-18 11:25:09,ttv,0.0325,0.01625
165,2024-09-18 11:25:26,2024-09-18 11:37:14,discrete: planning,0.19666666666666666,0.06555555555555555
165,2024-09-18 11:25:26,2024-09-18 11:37:14,tic,0.19666666666666666,0.06555555555555555
165,2024-09-18 11:25:26,2024-09-18 11:37:14,ttv,0.19666666666666666,0.06555555555555555
164,2024-09-18 11:37:25,2024-09-18 11:59:54,dan,0.37472222222222223,0.12490740740740741
164,2024-09-18 11:37:25,2024-09-18 11:59:54,vanhaa valintakoetta pystyyn,0.37472222222222223,0.12490740740740741
164,2024-09-18 11:37:25,2024-09-18 11:59:54,yfs,0.37472222222222223,0.12490740740740741
163,2024-09-18 12:29:56,2024-09-18 14:21:33,dan,1.8602777777777777,0.6200925925925925
163,2024-09-18 12:29:56,2024-09-18 14:21:33,vanhaa valintakoetta pystyyn,1.8602777777777777,0.6200925925925925
163,2024-09-18 12:29:56,2024-09-18 14:21:33,yfs,1.8602777777777777,0.6200925925925925
162,2024-09-19 04:38:54,2024-09-19 05:21:11,communication,0.7047222222222222,0.3523611111111111
162,2024-09-19 04:38:54,2024-09-19 05:21:11,ttv,0.7047222222222222,0.3523611111111111
161,2024-09-19 05:24:49,2024-09-19 05:46:05,dan,0.35444444444444445,0.17722222222222223
161,2024-09-19 05:24:49,2024-09-19 05:46:05,dan: planning,0.35444444444444445,0.17722222222222223
160,2024-09-19 06:24:09,2024-09-19 08:00:50,discrete: teaching en,1.611388888888889,0.8056944444444445
160,2024-09-19 06:24:09,2024-09-19 08:00:50,tic,1.611388888888889,0.8056944444444445
159,2024-09-19 08:47:50,2024-09-19 09:42:50,dan,0.9166666666666666,0.4583333333333333
159,2024-09-19 08:47:50,2024-09-19 09:42:50,dan: planning,0.9166666666666666,0.4583333333333333
158,2024-09-19 09:58:21,2024-09-19 11:03:50,dan,1.091388888888889,0.36379629629629634
158,2024-09-19 09:58:21,2024-09-19 11:03:50,vanhaa valintakoetta pystyyn,1.091388888888889,0.36379629629629634
158,2024-09-19 09:58:21,2024-09-19 11:03:50,yfs,1.091388888888889,0.36379629629629634
157,2024-09-19 11:21:35,2024-09-19 12:14:53,dan,0.8883333333333333,0.2961111111111111
157,2024-09-19 11:21:35,2024-09-19 12:14:53,vanhaa valintakoetta pystyyn,0.8883333333333333,0.2961111111111111
157,2024-09-19 11:21:35,2024-09-19 12:14:53,yfs,0.8883333333333333,0.2961111111111111
156,2024-09-20 04:23:48,2024-09-20 06:01:44,discrete: teaching fi,1.6322222222222222,0.8161111111111111
156,2024-09-20 04:23:48,2024-09-20 06:01:44,ttv,1.6322222222222222,0.8161111111111111
155,2024-09-20 06:01:53,2024-09-20 06:05:33,discrete: videos teams --> onedrive,0.06111111111111111,0.030555555555555555
155,2024-09-20 06:01:53,2024-09-20 06:05:33,ttv,0.06111111111111111,0.030555555555555555
154,2024-09-23 04:38:45,2024-09-23 05:29:33,communication,0.8466666666666667,0.42333333333333334
154,2024-09-23 04:38:45,2024-09-23 05:29:33,ttv,0.8466666666666667,0.42333333333333334
153,2024-09-23 05:29:54,2024-09-23 06:29:56,teknoinfo,1.0005555555555556,0.5002777777777778
153,2024-09-23 05:29:54,2024-09-23 06:29:56,ttv,1.0005555555555556,0.5002777777777778
152,2024-09-23 06:40:08,2024-09-23 07:23:00,communication,0.7144444444444444,0.3572222222222222
152,2024-09-23 06:40:08,2024-09-23 07:23:00,ttv,0.7144444444444444,0.3572222222222222
151,2024-09-23 08:12:23,2024-09-23 08:17:51,discrete: planning,0.09111111111111111,0.03037037037037037
151,2024-09-23 08:12:23,2024-09-23 08:17:51,tic,0.09111111111111111,0.03037037037037037
151,2024-09-23 08:12:23,2024-09-23 08:17:51,ttv,0.09111111111111111,0.03037037037037037
150,2024-09-23 08:41:33,2024-09-23 09:45:42,discrete: planning,1.0691666666666666,0.35638888888888887
150,2024-09-23 08:41:33,2024-09-23 09:45:42,tic,1.0691666666666666,0.35638888888888887
150,2024-09-23 08:41:33,2024-09-23 09:45:42,ttv,1.0691666666666666,0.35638888888888887
149,2024-09-23 09:50:57,2024-09-23 10:47:40,dan,0.9452777777777778,0.4726388888888889
149,2024-09-23 09:50:57,2024-09-23 10:47:40,dan: planning,0.9452777777777778,0.4726388888888889
148,2024-09-23 11:07:47,2024-09-23 12:13:19,discrete: planning,1.0922222222222222,0.36407407407407405
148,2024-09-23 11:07:47,2024-09-23 12:13:19,tic,1.0922222222222222,0.36407407407407405
148,2024-09-23 11:07:47,2024-09-23 12:13:19,ttv,1.0922222222222222,0.36407407407407405
147,2024-09-23 12:22:51,2024-09-23 12:58:11,dan,0.5888888888888889,0.29444444444444445
147,2024-09-23 12:22:51,2024-09-23 12:58:11,dan: planning,0.5888888888888889,0.29444444444444445
146,2024-09-23 13:57:03,2024-09-23 15:06:31,discrete: grading,1.1577777777777778,0.38592592592592595
146,2024-09-23 13:57:03,2024-09-23 15:06:31,tic,1.1577777777777778,0.38592592592592595
146,2024-09-23 13:57:03,2024-09-23 15:06:31,ttv,1.1577777777777778,0.38592592592592595
145,2024-09-23 15:06:42,2024-09-23 15:26:10,tic,0.3244444444444444,0.1622222222222222
145,2024-09-23 15:06:42,2024-09-23 15:26:10,valintakoe tic,0.3244444444444444,0.1622222222222222
144,2024-09-24 05:02:22,2024-09-24 05:36:57,communication,0.5763888888888888,0.2881944444444444
144,2024-09-24 05:02:22,2024-09-24 05:36:57,ttv,0.5763888888888888,0.2881944444444444
143,2024-09-24 05:37:13,2024-09-24 06:04:55,peppi calendar fiddling,0.46166666666666667,0.15388888888888888
143,2024-09-24 05:37:13,2024-09-24 06:04:55,tic,0.46166666666666667,0.15388888888888888
143,2024-09-24 05:37:13,2024-09-24 06:04:55,ttv,0.46166666666666667,0.15388888888888888
142,2024-09-24 06:14:57,2024-09-24 07:56:18,discrete: attendance & peppi fiddling,1.6891666666666667,0.5630555555555555
142,2024-09-24 06:14:57,2024-09-24 07:56:18,tic,1.6891666666666667,0.5630555555555555
142,2024-09-24 06:14:57,2024-09-24 07:56:18,ttv,1.6891666666666667,0.5630555555555555
141,2024-09-24 07:58:01,2024-09-24 08:04:23,tic,0.10611111111111111,0.05305555555555556
141,2024-09-24 07:58:01,2024-09-24 08:04:23,valintakoe tic,0.10611111111111111,0.05305555555555556
140,2024-09-24 09:13:11,2024-09-24 09:53:31,dan,0.6722222222222223,0.33611111111111114
140,2024-09-24 09:13:11,2024-09-24 09:53:31,dan: planning,0.6722222222222223,0.33611111111111114
139,2024-09-24 09:59:26,2024-09-24 10:57:19,tic,0.9647222222222223,0.48236111111111113
139,2024-09-24 09:59:26,2024-09-24 10:57:19,valintakoe: tsek-palaveri,0.9647222222222223,0.48236111111111113
138,2024-09-24 11:10:19,2024-09-24 11:48:45,dan,0.6405555555555555,0.3202777777777778
138,2024-09-24 11:10:19,2024-09-24 11:48:45,dan: planning,0.6405555555555555,0.3202777777777778
137,2024-09-24 11:53:59,2024-09-24 12:04:05,discrete: planning,0.16833333333333333,0.05611111111111111
137,2024-09-24 11:53:59,2024-09-24 12:04:05,tic,0.16833333333333333,0.05611111111111111
137,2024-09-24 11:53:59,2024-09-24 12:04:05,ttv,0.16833333333333333,0.05611111111111111
136,2024-09-24 12:12:22,2024-09-24 13:49:06,discrete: teaching fi,1.6122222222222222,0.8061111111111111
136,2024-09-24 12:12:22,2024-09-24 13:49:06,ttv,1.6122222222222222,0.8061111111111111
135,2024-09-24 14:09:49,2024-09-24 16:17:45,dan,2.132222222222222,1.066111111111111
135,2024-09-24 14:09:49,2024-09-24 16:17:45,dan: teaching,2.132222222222222,1.066111111111111
134,2024-09-25 04:50:06,2024-09-25 05:01:02,communication,0.18222222222222223,0.09111111111111111
134,2024-09-25 04:50:06,2024-09-25 05:01:02,ttv,0.18222222222222223,0.09111111111111111
133,2024-09-25 05:01:25,2024-09-25 05:47:01,dan,0.76,0.38
133,2024-09-25 05:01:25,2024-09-25 05:47:01,dan: grading,0.76,0.38
132,2024-09-25 05:58:08,2024-09-25 06:26:05,dan,0.4658333333333333,0.23291666666666666
132,2024-09-25 05:58:08,2024-09-25 06:26:05,dan: grading,0.4658333333333333,0.23291666666666666
131,2024-09-25 06:38:43,2024-09-25 07:50:44,dan,1.2002777777777778,0.6001388888888889
131,2024-09-25 06:38:43,2024-09-25 07:50:44,dan: grading,1.2002777777777778,0.6001388888888889
130,2024-09-25 08:23:11,2024-09-25 08:39:38,discrete: planning,0.27416666666666667,0.0913888888888889
130,2024-09-25 08:23:11,2024-09-25 08:39:38,tic,0.27416666666666667,0.0913888888888889
130,2024-09-25 08:23:11,2024-09-25 08:39:38,ttv,0.27416666666666667,0.0913888888888889
129,2024-09-25 08:39:42,2024-09-25 10:22:58,discrete: teaching fi,1.721111111111111,0.8605555555555555
129,2024-09-25 08:39:42,2024-09-25 10:22:58,ttv,1.721111111111111,0.8605555555555555
128,2024-09-25 11:08:16,2024-09-25 11:23:16,discrete: attendance & peppi fiddling,0.25,0.08333333333333333
128,2024-09-25 11:08:16,2024-09-25 11:23:16,tic,0.25,0.08333333333333333
128,2024-09-25 11:08:16,2024-09-25 11:23:16,ttv,0.25,0.08333333333333333
127,2024-09-25 11:23:37,2024-09-25 11:36:55,discrete: grading,0.22166666666666668,0.07388888888888889
127,2024-09-25 11:23:37,2024-09-25 11:36:55,tic,0.22166666666666668,0.07388888888888889
127,2024-09-25 11:23:37,2024-09-25 11:36:55,ttv,0.22166666666666668,0.07388888888888889
126,2024-09-25 11:37:18,2024-09-25 11:47:19,dan,0.16694444444444445,0.08347222222222223
126,2024-09-25 11:37:18,2024-09-25 11:47:19,dan: grading,0.16694444444444445,0.08347222222222223
125,2024-09-25 12:27:03,2024-09-25 13:39:48,dan,1.2125,0.60625
125,2024-09-25 12:27:03,2024-09-25 13:39:48,dan: planning,1.2125,0.60625
124,2024-09-26 04:19:48,2024-09-26 04:39:16,communication,0.3244444444444444,0.1622222222222222
124,2024-09-26 04:19:48,2024-09-26 04:39:16,ttv,0.3244444444444444,0.1622222222222222
123,2024-09-26 04:39:18,2024-09-26 05:26:04,discrete: videos fin --> eng,0.7794444444444445,0.38972222222222225
123,2024-09-26 04:39:18,2024-09-26 05:26:04,tic,0.7794444444444445,0.38972222222222225
122,2024-09-26 05:26:13,2024-09-26 06:25:54,dan,0.9947222222222222,0.4973611111111111
122,2024-09-26 05:26:13,2024-09-26 06:25:54,dan: planning,0.9947222222222222,0.4973611111111111
121,2024-09-26 06:26:38,2024-09-26 08:09:21,discrete: teaching en,1.7119444444444445,0.8559722222222222
121,2024-09-26 06:26:38,2024-09-26 08:09:21,tic,1.7119444444444445,0.8559722222222222
120,2024-09-26 09:50:56,2024-09-26 09:54:30,communication,0.059444444444444446,0.029722222222222223
120,2024-09-26 09:50:56,2024-09-26 09:54:30,ttv,0.059444444444444446,0.029722222222222223
119,2024-09-26 09:54:48,2024-09-26 11:27:48,dan,1.55,0.775
119,2024-09-26 09:54:48,2024-09-26 11:27:48,dan: grading,1.55,0.775
118,2024-09-27 03:57:47,2024-09-27 04:25:25,communication,0.46055555555555555,0.23027777777777778
118,2024-09-27 03:57:47,2024-09-27 04:25:25,ttv,0.46055555555555555,0.23027777777777778
117,2024-09-27 04:25:41,2024-09-27 06:04:13,discrete: teaching fi,1.6422222222222222,0.8211111111111111
117,2024-09-27 04:25:41,2024-09-27 06:04:13,ttv,1.6422222222222222,0.8211111111111111
116,2024-09-27 06:04:26,2024-09-27 06:32:08,discrete: videos teams --> onedrive,0.46166666666666667,0.23083333333333333
116,2024-09-27 06:04:26,2024-09-27 06:32:08,ttv,0.46166666666666667,0.23083333333333333
115,2024-09-27 09:22:25,2024-09-27 09:28:22,communication,0.09916666666666667,0.04958333333333333
115,2024-09-27 09:22:25,2024-09-27 09:28:22,ttv,0.09916666666666667,0.04958333333333333
114,2024-09-27 09:28:35,2024-09-27 10:18:44,discrete: grading,0.8358333333333333,0.2786111111111111
114,2024-09-27 09:28:35,2024-09-27 10:18:44,tic,0.8358333333333333,0.2786111111111111
114,2024-09-27 09:28:35,2024-09-27 10:18:44,ttv,0.8358333333333333,0.2786111111111111
113,2024-09-27 10:32:32,2024-09-27 11:53:44,discrete: grading,1.3533333333333333,0.4511111111111111
113,2024-09-27 10:32:32,2024-09-27 11:53:44,tic,1.3533333333333333,0.4511111111111111
113,2024-09-27 10:32:32,2024-09-27 11:53:44,ttv,1.3533333333333333,0.4511111111111111
112,2024-09-29 05:54:25,2024-09-29 05:56:29,daily planning,0.034444444444444444,0.017222222222222222
112,2024-09-29 05:54:25,2024-09-29 05:56:29,ttv,0.034444444444444444,0.017222222222222222
111,2024-09-29 05:56:30,2024-09-29 06:42:15,communication,0.7625,0.38125
111,2024-09-29 05:56:30,2024-09-29 06:42:15,ttv,0.7625,0.38125
110,2024-09-29 06:48:00,2024-09-29 07:38:37,pedacafe-esitys,0.8436111111111111,0.8436111111111111
109,2024-09-29 09:12:23,2024-09-29 09:24:01,pedacafe-esitys,0.1938888888888889,0.09694444444444444
109,2024-09-29 09:12:23,2024-09-29 09:24:01,ttv,0.1938888888888889,0.09694444444444444
108,2024-09-29 09:38:22,2024-09-29 11:19:07,pedacafe-esitys,1.6791666666666667,0.8395833333333333
108,2024-09-29 09:38:22,2024-09-29 11:19:07,ttv,1.6791666666666667,0.8395833333333333
107,2024-09-29 12:33:01,2024-09-29 13:42:46,pedacafe-esitys,1.1625,0.58125
107,2024-09-29 12:33:01,2024-09-29 13:42:46,ttv,1.1625,0.58125
106,2024-09-29 14:03:15,2024-09-29 15:39:44,pedacafe-esitys,1.6080555555555556,0.8040277777777778
106,2024-09-29 14:03:15,2024-09-29 15:39:44,ttv,1.6080555555555556,0.8040277777777778
105,2024-09-29 15:45:32,2024-09-29 16:35:36,pedacafe-esitys,0.8344444444444444,0.4172222222222222
105,2024-09-29 15:45:32,2024-09-29 16:35:36,ttv,0.8344444444444444,0.4172222222222222
104,2024-09-30 05:27:38,2024-09-30 06:34:56,it-info,1.1216666666666666,0.5608333333333333
104,2024-09-30 05:27:38,2024-09-30 06:34:56,ttv,1.1216666666666666,0.5608333333333333
103,2024-09-30 07:06:03,2024-09-30 07:26:43,communication,0.34444444444444444,0.17222222222222222
103,2024-09-30 07:06:03,2024-09-30 07:26:43,ttv,0.34444444444444444,0.17222222222222222
102,2024-09-30 07:28:03,2024-09-30 07:36:02,discrete: planning,0.13305555555555557,0.04435185185185186
102,2024-09-30 07:28:03,2024-09-30 07:36:02,tic,0.13305555555555557,0.04435185185185186
102,2024-09-30 07:28:03,2024-09-30 07:36:02,ttv,0.13305555555555557,0.04435185185185186
101,2024-09-30 08:09:26,2024-09-30 08:34:57,discrete: planning,0.42527777777777775,0.14175925925925925
101,2024-09-30 08:09:26,2024-09-30 08:34:57,tic,0.42527777777777775,0.14175925925925925
101,2024-09-30 08:09:26,2024-09-30 08:34:57,ttv,0.42527777777777775,0.14175925925925925
100,2024-09-30 09:24:53,2024-09-30 11:03:07,discrete: planning,1.6372222222222221,0.5457407407407407
100,2024-09-30 09:24:53,2024-09-30 11:03:07,tic,1.6372222222222221,0.5457407407407407
100,2024-09-30 09:24:53,2024-09-30 11:03:07,ttv,1.6372222222222221,0.5457407407407407
99,2024-09-30 11:35:56,2024-09-30 12:21:40,discrete: planning,0.7622222222222222,0.25407407407407406
99,2024-09-30 11:35:56,2024-09-30 12:21:40,tic,0.7622222222222222,0.25407407407407406
99,2024-09-30 11:35:56,2024-09-30 12:21:40,ttv,0.7622222222222222,0.25407407407407406
98,2024-09-30 12:32:26,2024-09-30 12:52:59,discrete: planning,0.3425,0.11416666666666668
98,2024-09-30 12:32:26,2024-09-30 12:52:59,tic,0.3425,0.11416666666666668
98,2024-09-30 12:32:26,2024-09-30 12:52:59,ttv,0.3425,0.11416666666666668
97,2024-09-30 12:57:30,2024-09-30 14:26:21,discrete: planning,1.4808333333333332,0.49361111111111106
97,2024-09-30 12:57:30,2024-09-30 14:26:21,tic,1.4808333333333332,0.49361111111111106
97,2024-09-30 12:57:30,2024-09-30 14:26:21,ttv,1.4808333333333332,0.49361111111111106
96,2024-09-30 15:19:49,2024-09-30 15:48:40,communication,0.48083333333333333,0.24041666666666667
96,2024-09-30 15:19:49,2024-09-30 15:48:40,ttv,0.48083333333333333,0.24041666666666667
95,2024-09-30 15:57:28,2024-09-30 17:09:29,dan,1.2002777777777778,0.6001388888888889
95,2024-09-30 15:57:28,2024-09-30 17:09:29,dan: planning,1.2002777777777778,0.6001388888888889
94,2024-09-30 17:24:27,2024-09-30 18:35:18,dan,1.1808333333333334,0.5904166666666667
94,2024-09-30 17:24:27,2024-09-30 18:35:18,dan: planning,1.1808333333333334,0.5904166666666667
93,2024-10-01 05:14:03,2024-10-01 05:57:14,communication,0.7197222222222223,0.35986111111111113
93,2024-10-01 05:14:03,2024-10-01 05:57:14,ttv,0.7197222222222223,0.35986111111111113
92,2024-10-01 06:05:21,2024-10-01 07:35:28,dan,1.5019444444444445,0.7509722222222223
92,2024-10-01 06:05:21,2024-10-01 07:35:28,dan: planning,1.5019444444444445,0.7509722222222223
91,2024-10-01 07:39:58,2024-10-01 08:43:19,dan,1.0558333333333334,0.5279166666666667
91,2024-10-01 07:39:58,2024-10-01 08:43:19,dan: planning,1.0558333333333334,0.5279166666666667
90,2024-10-01 08:47:22,2024-10-01 09:00:13,communication,0.21416666666666667,0.10708333333333334
90,2024-10-01 08:47:22,2024-10-01 09:00:13,ttv,0.21416666666666667,0.10708333333333334
89,2024-10-01 09:44:17,2024-10-01 10:24:15,dan,0.6661111111111111,0.33305555555555555
89,2024-10-01 09:44:17,2024-10-01 10:24:15,dan: planning,0.6661111111111111,0.33305555555555555
88,2024-10-01 10:24:18,2024-10-01 10:35:49,discrete: planning,0.19194444444444445,0.06398148148148149
88,2024-10-01 10:24:18,2024-10-01 10:35:49,tic,0.19194444444444445,0.06398148148148149
88,2024-10-01 10:24:18,2024-10-01 10:35:49,ttv,0.19194444444444445,0.06398148148148149
87,2024-10-01 11:51:16,2024-10-01 12:13:03,discrete: planning,0.3630555555555556,0.12101851851851853
87,2024-10-01 11:51:16,2024-10-01 12:13:03,tic,0.3630555555555556,0.12101851851851853
87,2024-10-01 11:51:16,2024-10-01 12:13:03,ttv,0.3630555555555556,0.12101851851851853
86,2024-10-01 12:14:01,2024-10-01 13:46:32,discrete: teaching fi,1.5419444444444443,0.7709722222222222
86,2024-10-01 12:14:01,2024-10-01 13:46:32,ttv,1.5419444444444443,0.7709722222222222
85,2024-10-01 14:13:01,2024-10-01 16:01:03,dan,1.8005555555555555,0.9002777777777777
85,2024-10-01 14:13:01,2024-10-01 16:01:03,dan: teaching,1.8005555555555555,0.9002777777777777
84,2024-10-02 05:52:28,2024-10-02 06:09:17,communication,0.2802777777777778,0.1401388888888889
84,2024-10-02 05:52:28,2024-10-02 06:09:17,ttv,0.2802777777777778,0.1401388888888889
83,2024-10-02 06:09:20,2024-10-02 06:14:06,dan,0.07944444444444444,0.03972222222222222
83,2024-10-02 06:09:20,2024-10-02 06:14:06,dan: planning,0.07944444444444444,0.03972222222222222
82,2024-10-02 06:14:09,2024-10-02 06:29:51,dan,0.26166666666666666,0.13083333333333333
82,2024-10-02 06:14:09,2024-10-02 06:29:51,dan: recordings teams --> onedrive,0.26166666666666666,0.13083333333333333
81,2024-10-02 06:29:54,2024-10-02 07:26:44,dan,0.9472222222222222,0.4736111111111111
81,2024-10-02 06:29:54,2024-10-02 07:26:44,dan: planning,0.9472222222222222,0.4736111111111111
80,2024-10-02 08:43:22,2024-10-02 11:10:41,discrete: planning,2.455277777777778,0.818425925925926
80,2024-10-02 08:43:22,2024-10-02 11:10:41,tic,2.455277777777778,0.818425925925926
80,2024-10-02 08:43:22,2024-10-02 11:10:41,ttv,2.455277777777778,0.818425925925926
79,2024-10-02 11:28:01,2024-10-02 11:30:37,communication,0.043333333333333335,0.021666666666666667
79,2024-10-02 11:28:01,2024-10-02 11:30:37,ttv,0.043333333333333335,0.021666666666666667
78,2024-10-02 11:30:43,2024-10-02 13:06:01,reportronic,1.5883333333333334,0.7941666666666667
78,2024-10-02 11:30:43,2024-10-02 13:06:01,ttv,1.5883333333333334,0.7941666666666667
77,2024-10-03 06:27:00,2024-10-03 08:00:02,discrete: teaching en,1.5505555555555555,0.7752777777777777
77,2024-10-03 06:27:00,2024-10-03 08:00:02,tic,1.5505555555555555,0.7752777777777777
76,2024-10-03 08:42:06,2024-10-03 09:47:48,discrete: planning,1.095,0.365
76,2024-10-03 08:42:06,2024-10-03 09:47:48,tic,1.095,0.365
76,2024-10-03 08:42:06,2024-10-03 09:47:48,ttv,1.095,0.365
75,2024-10-03 09:52:03,2024-10-03 10:19:54,discrete: planning,0.46416666666666667,0.15472222222222223
75,2024-10-03 09:52:03,2024-10-03 10:19:54,tic,0.46416666666666667,0.15472222222222223
75,2024-10-03 09:52:03,2024-10-03 10:19:54,ttv,0.46416666666666667,0.15472222222222223
74,2024-10-03 10:27:32,2024-10-03 12:12:02,discrete: planning,1.7416666666666667,0.5805555555555556
74,2024-10-03 10:27:32,2024-10-03 12:12:02,tic,1.7416666666666667,0.5805555555555556
74,2024-10-03 10:27:32,2024-10-03 12:12:02,ttv,1.7416666666666667,0.5805555555555556
73,2024-10-04 04:12:34,2024-10-04 04:22:53,communication,0.17194444444444446,0.08597222222222223
73,2024-10-04 04:12:34,2024-10-04 04:22:53,ttv,0.17194444444444446,0.08597222222222223
72,2024-10-04 04:22:56,2024-10-04 04:25:49,discrete: planning,0.04805555555555555,0.01601851851851852
72,2024-10-04 04:22:56,2024-10-04 04:25:49,tic,0.04805555555555555,0.01601851851851852
72,2024-10-04 04:22:56,2024-10-04 04:25:49,ttv,0.04805555555555555,0.01601851851851852
71,2024-10-04 04:25:54,2024-10-04 05:59:23,discrete: teaching fi,1.5580555555555555,0.7790277777777778
71,2024-10-04 04:25:54,2024-10-04 05:59:23,ttv,1.5580555555555555,0.7790277777777778
70,2024-10-04 06:08:49,2024-10-04 06:16:15,discrete: videos teams --> onedrive,0.1238888888888889,0.06194444444444445
70,2024-10-04 06:08:49,2024-10-04 06:16:15,ttv,0.1238888888888889,0.06194444444444445
69,2024-10-04 07:34:02,2024-10-04 07:45:35,communication,0.1925,0.09625
69,2024-10-04 07:34:02,2024-10-04 07:45:35,ttv,0.1925,0.09625
68,2024-10-04 07:46:51,2024-10-04 08:22:55,dan,0.6011111111111112,0.3005555555555556
68,2024-10-04 07:46:51,2024-10-04 08:22:55,dan: planning,0.6011111111111112,0.3005555555555556
67,2024-10-04 08:25:44,2024-10-04 09:18:13,discrete: planning,0.8747222222222222,0.29157407407407404
67,2024-10-04 08:25:44,2024-10-04 09:18:13,tic,0.8747222222222222,0.29157407407407404
67,2024-10-04 08:25:44,2024-10-04 09:18:13,ttv,0.8747222222222222,0.29157407407407404
66,2024-10-06 12:13:30,2024-10-06 12:16:55,communication,0.05694444444444444,0.02847222222222222
66,2024-10-06 12:13:30,2024-10-06 12:16:55,ttv,0.05694444444444444,0.02847222222222222
65,2024-10-06 12:17:05,2024-10-06 12:37:05,discrete: planning,0.3333333333333333,0.1111111111111111
65,2024-10-06 12:17:05,2024-10-06 12:37:05,tic,0.3333333333333333,0.1111111111111111
65,2024-10-06 12:17:05,2024-10-06 12:37:05,ttv,0.3333333333333333,0.1111111111111111
64,2024-10-06 12:55:24,2024-10-06 13:15:43,discrete: planning,0.3386111111111111,0.11287037037037036
64,2024-10-06 12:55:24,2024-10-06 13:15:43,tic,0.3386111111111111,0.11287037037037036
64,2024-10-06 12:55:24,2024-10-06 13:15:43,ttv,0.3386111111111111,0.11287037037037036
63,2024-10-07 04:21:24,2024-10-07 04:26:35,communication,0.08638888888888889,0.043194444444444445
63,2024-10-07 04:21:24,2024-10-07 04:26:35,ttv,0.08638888888888889,0.043194444444444445
62,2024-10-07 04:26:38,2024-10-07 05:04:08,discrete: planning,0.625,0.20833333333333334
62,2024-10-07 04:26:38,2024-10-07 05:04:08,tic,0.625,0.20833333333333334
62,2024-10-07 04:26:38,2024-10-07 05:04:08,ttv,0.625,0.20833333333333334
61,2024-10-08 04:51:34,2024-10-08 05:05:47,communication,0.23694444444444446,0.11847222222222223
61,2024-10-08 04:51:34,2024-10-08 05:05:47,ttv,0.23694444444444446,0.11847222222222223
60,2024-10-08 05:07:02,2024-10-08 05:23:27,dan,0.27361111111111114,0.13680555555555557
60,2024-10-08 05:07:02,2024-10-08 05:23:27,e-ahot dan,0.27361111111111114,0.13680555555555557
59,2024-10-08 06:14:03,2024-10-08 07:24:58,dan,1.1819444444444445,0.5909722222222222
59,2024-10-08 06:14:03,2024-10-08 07:24:58,dan: planning,1.1819444444444445,0.5909722222222222
58,2024-10-08 07:35:22,2024-10-08 08:03:46,dan,0.47333333333333333,0.23666666666666666
58,2024-10-08 07:35:22,2024-10-08 08:03:46,dan: planning,0.47333333333333333,0.23666666666666666
57,2024-10-08 09:56:35,2024-10-08 11:30:04,daily planning,1.5580555555555555,0.7790277777777778
57,2024-10-08 09:56:35,2024-10-08 11:30:04,ttv,1.5580555555555555,0.7790277777777778
56,2024-10-08 11:30:24,2024-10-08 11:47:20,perehdytystyoryhma,0.2822222222222222,0.1411111111111111
56,2024-10-08 11:30:24,2024-10-08 11:47:20,ttv,0.2822222222222222,0.1411111111111111
55,2024-10-08 11:47:29,2024-10-08 11:54:41,tic,0.12,0.06
55,2024-10-08 11:47:29,2024-10-08 11:54:41,valintakoe tic,0.12,0.06
54,2024-10-08 12:11:05,2024-10-08 12:24:13,dan,0.21888888888888888,0.10944444444444444
54,2024-10-08 12:11:05,2024-10-08 12:24:13,dan: planning,0.21888888888888888,0.10944444444444444
53,2024-10-08 12:27:02,2024-10-08 13:09:58,tic,0.7155555555555555,0.35777777777777775
53,2024-10-08 12:27:02,2024-10-08 13:09:58,valintakoe tic,0.7155555555555555,0.35777777777777775
52,2024-10-08 13:10:08,2024-10-08 13:16:18,communication,0.10277777777777777,0.05138888888888889
52,2024-10-08 13:10:08,2024-10-08 13:16:18,ttv,0.10277777777777777,0.05138888888888889
51,2024-10-08 14:05:02,2024-10-08 16:10:04,dan,2.0838888888888887,1.0419444444444443
51,2024-10-08 14:05:02,2024-10-08 16:10:04,dan: teaching,2.0838888888888887,1.0419444444444443
50,2024-10-09 06:23:26,2024-10-09 07:02:59,communication,0.6591666666666667,0.32958333333333334
50,2024-10-09 06:23:26,2024-10-09 07:02:59,ttv,0.6591666666666667,0.32958333333333334
49,2024-10-09 07:03:12,2024-10-09 07:14:16,exam fix,0.18444444444444444,0.09222222222222222
49,2024-10-09 07:03:12,2024-10-09 07:14:16,ttv,0.18444444444444444,0.09222222222222222
48,2024-10-09 08:39:37,2024-10-09 08:44:04,dan,0.07416666666666667,0.037083333333333336
48,2024-10-09 08:39:37,2024-10-09 08:44:04,dan: planning,0.07416666666666667,0.037083333333333336
47,2024-10-09 08:44:06,2024-10-09 08:51:58,perehdytystyoryhma,0.13111111111111112,0.06555555555555556
47,2024-10-09 08:44:06,2024-10-09 08:51:58,ttv,0.13111111111111112,0.06555555555555556
46,2024-10-09 08:52:01,2024-10-09 09:09:50,dan,0.29694444444444446,0.14847222222222223
46,2024-10-09 08:52:01,2024-10-09 09:09:50,dan: planning,0.29694444444444446,0.14847222222222223
45,2024-10-09 09:32:29,2024-10-09 12:14:56,dan,2.7075,1.35375
45,2024-10-09 09:32:29,2024-10-09 12:14:56,dan: planning,2.7075,1.35375
44,2024-10-10 05:02:12,2024-10-10 05:11:40,communication,0.15777777777777777,0.07888888888888888
44,2024-10-10 05:02:12,2024-10-10 05:11:40,ttv,0.15777777777777777,0.07888888888888888
43,2024-10-10 05:11:43,2024-10-10 05:52:31,dan,0.68,0.34
43,2024-10-10 05:11:43,2024-10-10 05:52:31,dan: planning,0.68,0.34
42,2024-10-10 06:01:57,2024-10-10 06:46:59,perehdytyspalaveri,0.7505555555555555,0.37527777777777777
42,2024-10-10 06:01:57,2024-10-10 06:46:59,ttv,0.7505555555555555,0.37527777777777777
41,2024-10-10 06:52:04,2024-10-10 07:34:53,perehdytystyoryhma,0.7136111111111111,0.35680555555555554
41,2024-10-10 06:52:04,2024-10-10 07:34:53,ttv,0.7136111111111111,0.35680555555555554
40,2024-10-10 07:35:16,2024-10-10 07:52:06,communication,0.28055555555555556,0.14027777777777778
40,2024-10-10 07:35:16,2024-10-10 07:52:06,ttv,0.28055555555555556,0.14027777777777778
39,2024-10-10 07:52:09,2024-10-10 08:10:28,discrete: planning,0.30527777777777776,0.10175925925925926
39,2024-10-10 07:52:09,2024-10-10 08:10:28,tic,0.30527777777777776,0.10175925925925926
39,2024-10-10 07:52:09,2024-10-10 08:10:28,ttv,0.30527777777777776,0.10175925925925926
38,2024-10-10 08:10:30,2024-10-10 08:19:29,communication,0.14972222222222223,0.07486111111111111
38,2024-10-10 08:10:30,2024-10-10 08:19:29,ttv,0.14972222222222223,0.07486111111111111
37,2024-10-10 08:20:29,2024-10-10 08:40:54,course registrations,0.3402777777777778,0.1701388888888889
37,2024-10-10 08:20:29,2024-10-10 08:40:54,ttv,0.3402777777777778,0.1701388888888889
36,2024-10-10 09:19:49,2024-10-10 09:35:45,communication,0.26555555555555554,0.13277777777777777
36,2024-10-10 09:19:49,2024-10-10 09:35:45,ttv,0.26555555555555554,0.13277777777777777
35,2024-10-10 09:42:44,2024-10-10 10:27:07,discrete: grading,0.7397222222222222,0.24657407407407406
35,2024-10-10 09:42:44,2024-10-10 10:27:07,tic,0.7397222222222222,0.24657407407407406
35,2024-10-10 09:42:44,2024-10-10 10:27:07,ttv,0.7397222222222222,0.24657407407407406
34,2024-10-11 04:26:50,2024-10-11 04:36:42,communication,0.16444444444444445,0.08222222222222222
34,2024-10-11 04:26:50,2024-10-11 04:36:42,ttv,0.16444444444444445,0.08222222222222222
33,2024-10-11 04:36:48,2024-10-11 04:44:29,perehdytystyoryhma,0.12805555555555556,0.06402777777777778
33,2024-10-11 04:36:48,2024-10-11 04:44:29,ttv,0.12805555555555556,0.06402777777777778
32,2024-10-11 07:09:06,2024-10-11 07:13:39,communication,0.07583333333333334,0.03791666666666667
32,2024-10-11 07:09:06,2024-10-11 07:13:39,ttv,0.07583333333333334,0.03791666666666667
31,2024-10-11 07:13:45,2024-10-11 07:54:35,dan,0.6805555555555556,0.3402777777777778
31,2024-10-11 07:13:45,2024-10-11 07:54:35,dan: grading,0.6805555555555556,0.3402777777777778
30,2024-10-11 08:07:36,2024-10-11 08:57:39,dan,0.8341666666666666,0.4170833333333333
30,2024-10-11 08:07:36,2024-10-11 08:57:39,dan: grading,0.8341666666666666,0.4170833333333333
29,2024-10-11 09:50:50,2024-10-11 11:01:45,dan,1.1819444444444445,0.5909722222222222
29,2024-10-11 09:50:50,2024-10-11 11:01:45,dan: grading,1.1819444444444445,0.5909722222222222
28,2024-10-11 12:22:26,2024-10-11 13:20:30,dan,0.9677777777777777,0.48388888888888887
28,2024-10-11 12:22:26,2024-10-11 13:20:30,dan: planning,0.9677777777777777,0.48388888888888887
27,2024-10-16 10:10:02,2024-10-16 13:42:23,"moodle, peppi, teams etc (general new start fiddling for all courses)",3.5391666666666666,1.7695833333333333
27,2024-10-16 10:10:02,2024-10-16 13:42:23,ttv,3.5391666666666666,1.7695833333333333
26,2024-10-17 06:22:27,2024-10-17 06:26:59,communication,0.07555555555555556,0.03777777777777778
26,2024-10-17 06:22:27,2024-10-17 06:26:59,ttv,0.07555555555555556,0.03777777777777778
25,2024-10-17 06:27:18,2024-10-17 06:53:08,math1: planning,0.4305555555555556,0.2152777777777778
25,2024-10-17 06:27:18,2024-10-17 06:53:08,tic,0.4305555555555556,0.2152777777777778
24,2024-10-17 07:33:20,2024-10-17 08:52:23,"moodle, peppi, teams etc (general new start fiddling for all courses)",1.3175,0.65875
24,2024-10-17 07:33:20,2024-10-17 08:52:23,ttv,1.3175,0.65875
23,2024-10-18 06:11:29,2024-10-18 07:05:59,math1: planning,0.9083333333333333,0.45416666666666666
23,2024-10-18 06:11:29,2024-10-18 07:05:59,tic,0.9083333333333333,0.45416666666666666
22,2024-10-18 07:06:04,2024-10-18 07:42:54,dan,0.6138888888888889,0.30694444444444446
22,2024-10-18 07:06:04,2024-10-18 07:42:54,dan: planning,0.6138888888888889,0.30694444444444446
21,2024-10-18 08:03:48,2024-10-20 14:07:24,dan,54.06,27.03
21,2024-10-18 08:03:48,2024-10-20 14:07:24,dan: planning,54.06,27.03
20,2024-10-21 05:07:47,2024-10-21 05:14:09,daily planning,0.10611111111111111,0.05305555555555556
20,2024-10-21 05:07:47,2024-10-21 05:14:09,ttv,0.10611111111111111,0.05305555555555556
19,2024-10-21 05:14:41,2024-10-21 05:17:07,dan,0.04055555555555555,0.020277777777777777
19,2024-10-21 05:14:41,2024-10-21 05:17:07,dan: planning,0.04055555555555555,0.020277777777777777
18,2024-10-21 05:17:13,2024-10-21 05:27:01,"moodle, peppi, teams etc (general new start fiddling for all courses)",0.16333333333333333,0.08166666666666667
18,2024-10-21 05:17:13,2024-10-21 05:27:01,ttv,0.16333333333333333,0.08166666666666667
17,2024-10-21 06:28:41,2024-10-21 07:15:43,it-info,0.7838888888888889,0.39194444444444443
17,2024-10-21 06:28:41,2024-10-21 07:15:43,ttv,0.7838888888888889,0.39194444444444443
16,2024-10-21 08:08:18,2024-10-21 08:20:02,daily planning,0.19555555555555557,0.09777777777777778
16,2024-10-21 08:08:18,2024-10-21 08:20:02,ttv,0.19555555555555557,0.09777777777777778
15,2024-10-21 08:20:21,2024-10-21 10:15:06,onm: planning,1.9125,0.95625
15,2024-10-21 08:20:21,2024-10-21 10:15:06,ttv,1.9125,0.95625
14,2024-10-21 10:25:00,2024-10-21 12:45:02,onm: teaching,2.3338888888888887,1.1669444444444443
14,2024-10-21 10:25:00,2024-10-21 12:45:02,ttv,2.3338888888888887,1.1669444444444443
13,2024-10-21 13:03:40,2024-10-21 13:26:42,daily planning,0.3838888888888889,0.19194444444444445
13,2024-10-21 13:03:40,2024-10-21 13:26:42,ttv,0.3838888888888889,0.19194444444444445
12,2024-10-21 14:07:19,2024-10-21 15:04:30,onm: planning,0.9530555555555555,0.4765277777777778
12,2024-10-21 14:07:19,2024-10-21 15:04:30,ttv,0.9530555555555555,0.4765277777777778
11,2024-10-21 15:12:22,2024-10-21 15:47:24,dan,0.5838888888888889,0.29194444444444445
11,2024-10-21 15:12:22,2024-10-21 15:47:24,dan: planning,0.5838888888888889,0.29194444444444445
10,2024-10-21 15:53:18,2024-10-21 16:13:22,math1: planning,0.33444444444444443,0.16722222222222222
10,2024-10-21 15:53:18,2024-10-21 16:13:22,tic,0.33444444444444443,0.16722222222222222
9,2024-10-21 16:13:32,2024-10-21 16:17:40,discrete: planning,0.06888888888888889,0.022962962962962963
9,2024-10-21 16:13:32,2024-10-21 16:17:40,tic,0.06888888888888889,0.022962962962962963
9,2024-10-21 16:13:32,2024-10-21 16:17:40,ttv,0.06888888888888889,0.022962962962962963
8,2024-10-21 16:37:46,2024-10-21 17:57:13,discrete: planning,1.3241666666666667,0.4413888888888889
8,2024-10-21 16:37:46,2024-10-21 17:57:13,tic,1.3241666666666667,0.4413888888888889
8,2024-10-21 16:37:46,2024-10-21 17:57:13,ttv,1.3241666666666667,0.4413888888888889
7,2024-10-21 17:57:16,2024-10-21 18:27:30,dan,0.5038888888888889,0.25194444444444447
7,2024-10-21 17:57:16,2024-10-21 18:27:30,dan: planning,0.5038888888888889,0.25194444444444447
6,2024-10-22 06:46:06,2024-10-22 07:04:29,communication,0.3063888888888889,0.15319444444444444
6,2024-10-22 06:46:06,2024-10-22 07:04:29,ttv,0.3063888888888889,0.15319444444444444
5,2024-10-22 07:04:40,2024-10-22 07:28:02,discrete: grading,0.3894444444444444,0.1298148148148148
5,2024-10-22 07:04:40,2024-10-22 07:28:02,tic,0.3894444444444444,0.1298148148148148
5,2024-10-22 07:04:40,2024-10-22 07:28:02,ttv,0.3894444444444444,0.1298148148148148
4,2024-10-22 07:36:02,2024-10-22 07:48:04,communication,0.20055555555555554,0.10027777777777777
4,2024-10-22 07:36:02,2024-10-22 07:48:04,ttv,0.20055555555555554,0.10027777777777777
3,2024-10-22 08:00:29,2024-10-22 08:31:58,math1: planning,0.5247222222222222,0.2623611111111111
3,2024-10-22 08:00:29,2024-10-22 08:31:58,tic,0.5247222222222222,0.2623611111111111
2,2024-10-22 08:32:01,2024-10-22 08:36:39,discrete: planning,0.07722222222222222,0.02574074074074074
2,2024-10-22 08:32:01,2024-10-22 08:36:39,tic,0.07722222222222222,0.02574074074074074
2,2024-10-22 08:32:01,2024-10-22 08:36:39,ttv,0.07722222222222222,0.02574074074074074
1,2024-10-22 09:26:50,2024-10-22 09:43:36,dan,0.27944444444444444,0.13972222222222222
1,2024-10-22 09:26:50,2024-10-22 09:43:36,dan: planning,0.27944444444444444,0.13972222222222222
